id,domain,status,purchase_price,renewal_price,attractiveness,demand,length,registrar,created_at,expires_at,status_verified_at
656b2841-1c32-4290-95a9-4fb9d24b88fb,business.industries,resell,,,high,medium,8,"GoDaddy.com, LLC",04/07/2015 21:54,04/07/2027 21:54,09/10/2026 07:41
5cab9ef6-fef5-4e17-8651-c42a921254c3,business.ltda,premium,52.8,30.18,high,medium,8,dynadot,,,09/10/2026 07:41
3897535f-0ae9-4dd8-9c1f-c0465271d2cf,business.llc,premium,3450,3450,high,medium,8,namesilo,,,09/10/2026 07:41
5e63da4f-5469-48a3-adca-4ad4008857f7,business.investments,resell,,,high,medium,8,"NameSilo, LLC",18/08/2014 06:38,18/08/2027 06:38,09/10/2026 07:41
ece73e70-2aa2-44f6-878f-6332b1f7b616,business.expert,resell,,,high,medium,8,"Global Domains International, Inc. DBA DomainCostClub.com",12/07/2015 16:00,12/07/2028 16:00,09/10/2026 07:41
0cf99a44-a56b-4994-9e41-051da11b122e,business.associates,premium,242,242,high,medium,8,namesilo,,,09/10/2026 07:41
8173f2e9-4b35-49fe-895c-6465f7454256,company.ltd,resell,,,high,low,7,"Spaceship, Inc.",18/09/2026 19:44,18/09/2027 19:44,09/10/2026 00:04
3c0416ce-6513-494e-9e22-6cf10b8b843b,business.agency,resell,,,high,medium,8,"Sav.com, LLC - 36",21/09/2023 15:15,21/09/2027 15:15,09/10/2026 07:41
646b8051-9536-45df-a137-f54fe4f30b94,business.srl,premium,54.28,30.68,high,medium,8,namesilo,,,09/10/2026 07:41
d19e8cef-34f1-4cc0-b14e-027d81a1832e,business.free,premium,517.7,517.7,high,medium,8,spaceship,,,09/10/2026 07:41
bf83a95f-a190-489a-8588-55f371addfd3,business.lease,premium,128.7,128.7,high,medium,8,namecheap,,,09/10/2026 07:41
1ffcb9be-74a7-4798-bbb3-b2b1d4180c29,business.cv,premium,1339.98,8.85,high,medium,8,namesilo,,,09/10/2026 07:41
7dc619fb-d662-4522-af27-e922741275e0,company.limited,resell,,,high,low,7,Porkbun LLC,25/11/2017 23:37,25/11/2026 23:37,09/10/2026 00:04
c68971f5-f0ea-48a8-a406-c26be873bced,business.vana,available,2070.2,2070.2,high,medium,8,spaceship,,,09/10/2026 07:41
28f9bf79-bbce-4ae3-ba98-a6b47c91a8fc,business.ceo,resell,,,high,medium,8,Dynadot Inc,22/08/2022 08:18,22/08/2027 23:59,09/10/2026 07:41
cf0510cc-56ef-41db-a176-001d08c0abdf,company.business,premium,880,880,high,low,7,dynadot,,,09/10/2026 00:04
5ca681ee-f679-486e-892e-12ec65d85bf7,business.auction,premium,512,512,high,medium,8,namesilo,,,09/10/2026 07:41
e93424c8-3fa6-44e6-a3c5-bbb43c9c5912,business.bot,premium,5000.5,6500,high,medium,8,unstoppable,,,09/10/2026 07:41
d7e48728-9d88-45c0-819d-0c699e65384e,business.immobilien,available,29.2,29.2,high,medium,8,cloudflare,,,09/10/2026 07:41
c9fecd08-0a5b-462b-92a6-587517e4d19c,business.graphics,resell,,,high,medium,8,"Sav.com, LLC - 22",16/07/2024 15:15,16/07/2027 15:15,09/10/2026 07:41
ffeb7bf9-64c0-4946-bf9a-c9ef8f791ce9,business.deal,premium,650,650,high,medium,8,namecheap,,,09/10/2026 07:41
35fc755a-4f72-4ccf-8d94-5be25fc2d568,business.photos,resell,,,high,medium,8,"Spaceship, Inc.",09/12/2019 23:48,09/12/2026 23:48,09/10/2026 07:41
fa0f9033-2b62-4340-a65b-7c41aab2c97c,business.tennis,available,89.99,89.99,high,medium,8,namesilo,,,09/10/2026 07:41
5d93b0fb-ae9e-4e20-a5c6-c78fda4728dd,company.industries,premium,207.2,207.2,high,low,7,spaceship,,,09/10/2026 00:04
1a2a5ccc-72ba-465c-b26e-e9c477b4be03,business.organic,available,17,66.2,high,medium,8,unstoppable,,,09/10/2026 07:41
171cd653-2c00-4e87-9476-fd708a76c958,business.equipment,resell,,,high,medium,8,"Spaceship, Inc.",12/02/2014 16:00,12/02/2027 16:00,09/10/2026 07:41
99487ec7-a745-4a79-abab-cc0ba30ba4ba,business.cricket,premium,1035.2,103.7,high,medium,8,spaceship,,,09/10/2026 07:41
2da6ddc9-8d07-4016-a74d-c4cc8b64982a,business.solutions,resell,,,high,medium,8,Dynadot Inc,07/09/2019 23:01,07/09/2027 23:01,09/10/2026 07:41
e590c0df-fd03-485a-bdc6-b84676735df3,business.hockey,available,47.81,47.81,high,medium,8,spaceship,,,09/10/2026 07:41
2f5e2f43-8dc4-4b7e-91bd-deb694184cb6,company.ltda,premium,56.64,33.04,high,low,7,namesilo,,,09/10/2026 00:04
86ca76b0-316e-4de2-b19c-354ab3a9b20f,company.llc,premium,2500.5,3450,high,low,7,unstoppable,,,09/10/2026 00:04
4d247437-6b64-41ac-a84c-819ebbfda4ca,business.condos,premium,828.2,828.2,high,medium,8,spaceship,,,09/10/2026 07:41
1e1a9bec-27e4-46c8-94f5-2a5c90b803d0,business.nyc,premium,5175.2,26.08,high,medium,8,spaceship,,,09/10/2026 07:41
37df340c-842b-462c-ba4f-676b5c48a366,business.salon,resell,,,high,medium,8,Dynadot Inc,11/02/2026 17:00,11/02/2027 17:00,09/10/2026 07:41
7c11c46a-f120-4d32-9f83-0f7e4d11f046,business.work,premium,5175.2,10.55,high,medium,8,spaceship,,,09/10/2026 07:41
a7023a77-e0a6-4940-b99e-8cbec13ef57f,business.accountants,premium,512,512,high,medium,8,namesilo,,,09/10/2026 07:41
4636fd74-79b2-4273-9b66-5c8715ceb33f,business.fast,premium,517.7,517.7,high,medium,8,spaceship,,,09/10/2026 07:41
87d42e71-e226-47cb-bfb4-dfdfb653d065,business.video,premium,1000.5,1107,high,medium,8,unstoppable,,,09/10/2026 07:41
01192660-001e-4b11-8c2b-cca373bbeec7,business.fun,premium,1375,5500,high,medium,8,dynadot,,,09/10/2026 07:41
8f247e85-9b80-4882-b80d-365871ed6ddd,business.fans,premium,110,110,high,medium,8,dynadot,,,09/10/2026 07:41
639accc3-dbee-49d9-87b7-9fb9031aa595,business.date,premium,310.7,51.95,high,medium,8,spaceship,,,09/10/2026 07:41
f1e8b28b-597e-451e-b038-8f59106802f8,business.tips,resell,,,high,medium,8,"Sav.com, LLC - 26",04/01/2024 15:15,04/01/2027 15:15,09/10/2026 07:41
e2e609b0-6a1c-4fb9-849d-659159a4a37a,business.theatre,available,500.2,500.2,high,medium,8,cloudflare,,,09/10/2026 07:41
35ef225c-cc0a-4427-9976-a95cafcd0318,business.protection,available,1999.99,2049.99,high,medium,8,namesilo,,,09/10/2026 07:41
ba901294-4182-4250-be7b-587bcb340c47,business.onl,premium,160,302.5,high,medium,8,namesilo,,,09/10/2026 07:41
ff58c95c-22f0-4260-b514-ca293c485be6,business.golf,resell,,,high,medium,8,Dynadot Inc,09/12/2020 08:13,09/12/2026 08:13,09/10/2026 07:41
b60f296a-6e99-4d7f-901f-0457503fc4bd,business.broker,resell,,,high,medium,8,1API GmbH,22/02/2017 09:13,22/02/2027 23:59,09/10/2026 07:41
a374b64f-f9f2-40c0-a087-95123c4e3083,business.desi,available,19.98,22.98,high,medium,8,namecheap,,,02/10/2026 18:47
9c15ee69-2ee5-44cb-ae50-1ee8bbb99c53,business.melbourne,premium,7652.7,7652.7,high,medium,8,dynadot,,,09/10/2026 07:41
3b31c9e7-2a06-432b-aa77-6db84a272885,business.berlin,resell,,,high,medium,8,,27/11/2015 15:23,27/11/2027 15:23,09/10/2026 07:41
7e487254-d4d2-4920-89c1-58a79d0f4465,business.systems,resell,,,high,medium,8,"GoDaddy.com, LLC",05/07/2015 16:00,05/07/2027 16:00,09/10/2026 07:41
834d561f-30f2-4c22-9725-fb9ec64a175a,business.navy,available,109.99,109.99,high,medium,8,namesilo,,,09/10/2026 07:41
0491a12a-849c-4c72-9ac8-0c33b69b443f,business.army,premium,102.67,102.67,high,medium,8,spaceship,,,09/10/2026 07:41
973821a3-2f30-490f-851e-92f1de01aa6f,business.claims,premium,854,854,high,medium,8,namesilo,,,09/10/2026 07:41
295595a5-a770-4029-b7bd-8090b2a942fc,business.sexy,available,2749.99,2749.99,high,medium,8,namesilo,,,09/10/2026 07:41
0241497b-bd19-4774-9dd4-95956858a171,business.tienda,available,62.98,74.98,high,medium,8,namecheap,,,09/10/2026 07:41
8fd8d6b0-e58e-471a-934a-805e5b1ee33d,business.best,resell,,,high,medium,8,Dynadot Inc,28/04/2017 18:59,28/04/2027 23:59,09/10/2026 07:41
692cdb56-ad75-4c05-a622-50ca16e56c78,business.democrat,available,25.2,25.2,high,medium,8,cloudflare,,,09/10/2026 07:41
98aeaadf-102f-4369-b20c-7e3c9682e8e0,business.rest,premium,576,576,high,medium,8,namesilo,,,09/10/2026 07:41
3ead6df1-7398-48ca-9782-29c19b391961,business.sbs,resell,,,high,medium,8,"Spaceship, Inc.",22/08/2024 12:14,22/08/2027 23:59,09/10/2026 07:41
9cdf51ba-622f-40eb-9869-a43f4e8fb88f,business.vc,resell,,,high,medium,8,Dynadot Inc,13/05/2016 05:45,13/05/2027 05:45,09/10/2026 07:41
9dd7db92-8b7c-44e7-8370-e142c3959d9e,business.build,premium,1650,1650,high,medium,8,dynadot,,,09/10/2026 07:41
cf057475-d45b-498b-a648-f57c21f4ff80,business.soy,premium,548.9,548.9,high,medium,8,dynadot,,,09/10/2026 07:41
2c45ed76-da83-483b-8fe2-197409e4d902,business.host,premium,10350,10350,high,medium,8,namesilo,,,09/10/2026 07:41
585b8f34-0fac-48e0-88e1-bdc448412b34,enterprise.industries,premium,220,220,high,medium,10,dynadot,,,10/10/2026 00:56
336398b3-7ff2-42f9-ae19-998880f8d037,business.show,resell,,,high,medium,8,Dynadot Inc,29/07/2015 16:00,29/07/2029 16:00,09/10/2026 07:41
7e40dac1-2d0d-487d-a586-cf66daaf190d,business.discount,resell,,,high,medium,8,"Sav.com, LLC - 35",26/04/2023 15:15,26/04/2027 15:15,09/10/2026 07:41
ce014dff-a8cb-4784-9738-0203e4969fb0,business.rentals,premium,200.5,207.2,high,medium,8,unstoppable,,,09/10/2026 07:41
3014527d-6a9a-4a9a-b86c-50c6ef4334da,business.bargains,premium,102.67,102.67,high,medium,8,spaceship,,,09/10/2026 07:41
dd5fa4a5-79e9-4b8a-b4db-219eae1b9935,business.trade,premium,6900,116,high,medium,8,namesilo,,,09/10/2026 07:41
12c637d6-1e8b-467b-a234-3f2b3b1390f9,company.sh,resell,,,high,low,7,"GoDaddy.com, LLC",15/08/2021 14:30,15/08/2027 14:30,09/10/2026 00:04
5c46a167-c0cb-446a-80d2-a64928e3051e,business.diet,available,104.99,114.99,high,medium,8,namesilo,,,09/10/2026 07:41
fbc95964-9a5e-4dd7-9709-31c185586f85,business.loans,resell,,,high,medium,8,"NameCheap, Inc.",26/08/2015 21:37,26/08/2027 21:37,09/10/2026 07:41
2ba12795-0287-47ed-a222-5fc23658a8b8,business.global,resell,,,high,medium,8,Porkbun LLC,24/06/2014 19:53,24/06/2027 19:53,09/10/2026 07:41
fb60c126-23b4-4c23-92b4-452fa70b219d,company.vana,available,2298,2498,high,low,7,namecheap,,,09/10/2026 00:04
522fe81a-e3b7-442c-adf2-262dadc75da5,business.art,premium,3450,83.3,high,medium,8,namesilo,,,09/10/2026 07:41
2a40f4df-449d-4b34-b348-d24f870ecc09,business.fail,premium,102.67,102.67,high,medium,8,spaceship,,,09/10/2026 07:41
0699d2d5-7f6a-4785-b3db-6d1a07e12ae7,business.foo,premium,1298.7,1298.7,high,medium,8,namecheap,,,09/10/2026 07:41
a9fcbc09-8118-4a60-ac16-9144aba82fe0,business.webcam,premium,517.7,67.48,high,medium,8,spaceship,,,09/10/2026 07:41
aec81f7a-c087-4b53-9a69-56a50908cfeb,company.vc,resell,,,high,low,7,Dynadot Inc,04/09/2024 01:16,04/09/2027 01:16,09/10/2026 00:04
435b7828-3c1b-4058-a8aa-c39709823df0,business.yoga,resell,,,high,medium,8,"GoDaddy.com, LLC",26/08/2020 18:56,26/08/2027 18:56,09/10/2026 07:41
69a82179-2f03-4a88-99e3-1f8d4a68b617,business.tickets,available,359.99,488.88,high,medium,8,namesilo,,,09/10/2026 07:41
133ad213-9783-40cb-81ec-f999686fcc1f,business.productions,premium,78.54,78.54,high,medium,8,namesilo,,,09/10/2026 07:41
dfd6711d-eb6e-49d9-8d8c-42640b7ef0d0,business.cars,available,1999.99,2199,high,medium,8,namesilo,,,09/10/2026 07:41
fa13c809-6056-4bd3-8458-aedc01e92013,organization.industries,available,9.58,41.95,high,low,12,dynadot,,,09/10/2026 20:57
5d0ad226-5d60-4d23-bd25-24415d3b8ec1,organization.gmbh,available,59.99,59.99,high,low,12,namesilo,,,09/10/2026 20:57
5f7d841e-deb9-4a39-b387-1047447a4827,organization.limited,available,28.2,28.2,high,low,12,cloudflare,,,09/10/2026 20:57
122a5878-38cf-4efd-b544-6ab5fdd28b4f,organization.inc,premium,2061.5,2660,high,low,12,namesilo,,,09/10/2026 20:57
c9c0e818-47ac-4925-9b05-0e08f8907b81,business.hamburg,resell,,,high,medium,8,,20/04/2016 14:43,20/04/2027 14:43,09/10/2026 07:41
4b56b4f5-5aaf-4fc2-a5da-5acd7c6f1868,business.international,resell,,,high,medium,8,"Go France Domains, LLC",24/06/2015 16:00,24/06/2027 16:00,09/10/2026 07:41
1452754f-e03c-4065-9b3f-d15e1bad943b,business.you,premium,517.7,517.7,high,medium,8,spaceship,,,09/10/2026 07:41
50ceaadc-bc32-4173-b443-180d90895555,company.free,premium,500.5,517.7,high,low,7,unstoppable,,,09/10/2026 00:04
47c9b9b3-da38-41a2-acef-d4e3a767039b,business.guitars,available,104.99,114.99,high,medium,8,namesilo,,,09/10/2026 07:41
b3aa1436-90b6-4d59-beb9-7eccd747fabd,business.gratis,premium,242,242,high,medium,8,namesilo,,,09/10/2026 07:41
75a02c28-a619-46b3-a41e-b0c9f02ec8d2,business.gold,resell,,,high,medium,8,"Shanghai Meicheng Technology Information Development Co., Ltd.",03/10/2025 15:15,03/10/2027 15:15,09/10/2026 07:41
d5711c94-1a69-44d1-9b66-3f5e3cb48ad0,business.vodka,premium,52,32.5,high,medium,8,namecheap,,,09/10/2026 07:41
84a9f55e-cc79-4d7b-abab-cfee1933ae51,business.cloud,premium,1100,2200,high,medium,8,dynadot,,,09/10/2026 07:41
5132187c-a871-4987-9879-2b0ab373fa09,company.boston,premium,414.2,18.83,high,low,7,spaceship,,,09/10/2026 00:04
15cda3e1-720f-4fa6-b387-ec0005dc7648,business.boston,premium,414.2,18.83,high,medium,8,spaceship,,,09/10/2026 07:41
1638c8e4-9a58-402b-8636-3f725ba28150,company.rent,premium,1100,1100,high,low,7,dynadot,,,09/10/2026 00:04
93c43887-6e2c-4637-8016-52464b5a86f6,business.creditcard,resell,,,high,medium,8,Porkbun LLC,29/08/2014 16:00,29/08/2027 16:00,09/10/2026 07:41
f067a944-6341-47ef-b041-ff84538edece,company.group,resell,,,high,low,7,Alibaba Cloud Computing Ltd. d/b/a HiChina (www.net.cn),24/08/2018 08:25,24/08/2028 08:25,09/10/2026 00:04
dffa0f0f-1b3a-404f-8a8f-5462cdfcf8ce,business.support,premium,414.2,414.2,high,medium,8,spaceship,,,09/10/2026 07:41
3575f7b8-3acd-4682-90fe-025eea76b221,company.blackfriday,available,103.7,103.7,high,low,7,spaceship,,,09/10/2026 00:04
b883fd29-0475-41bf-8078-86f4f6260ad3,business.hosting,available,300.2,300.2,high,medium,8,cloudflare,,,09/10/2026 07:41
06e6a939-f3f6-4f85-abce-38f80be7e2f8,organization.enterprises,available,8.48,28.15,high,low,12,spaceship,,,09/10/2026 20:57
4c22e127-292c-49be-9b01-67767f519138,business.plumbing,available,72.99,72.99,high,medium,8,namesilo,,,09/10/2026 07:41
d79b2566-4946-4734-a324-9059be14f4ad,business.coupons,resell,,,high,medium,8,"Sav.com, LLC - 39",12/02/2025 15:15,12/02/2027 15:15,09/10/2026 07:41
f8e510c6-5185-4527-9be5-ca19d44778b3,business.training,resell,,,high,medium,8,"Go Canada Domains, LLC",12/07/2015 16:00,12/07/2027 16:00,09/10/2026 07:41
c5c2187f-19f8-4a92-a7de-c934a0ca952e,business.zip,premium,1034.17,1034.17,high,medium,8,spaceship,,,09/10/2026 07:41
a9ad62c9-fe0a-47b6-b7d0-5ac545a6a3a2,company.tienda,available,47.81,47.81,high,low,7,spaceship,,,09/10/2026 00:04
b9628741-c425-4e87-9bbe-f878f4cc5396,company.voyage,available,45.2,45.2,high,low,7,cloudflare,,,09/10/2026 00:04
d758387d-7e05-418b-9435-ecbd722acb36,company.engineer,premium,118.8,118.8,high,low,7,namesilo,,,09/10/2026 00:04
25655a2f-ebe7-4a74-b0cf-ea61bc8616eb,business.dealer,premium,2140.22,2140.22,high,medium,8,dynadot,,,09/10/2026 07:41
7c157f73-a4ea-4245-b8d4-92cdfb618b5a,company.ryukyu,available,17.98,22.98,high,low,7,namecheap,,,09/10/2026 00:04
d8650751-2c99-4402-b0c0-82e2a3fa1b92,business.green,premium,1950,1950,high,medium,8,namecheap,,,09/10/2026 07:41
fc4fca8a-3748-41ef-80e4-de2a881302de,business.ryukyu,available,17.98,22.98,high,medium,8,namecheap,,,09/10/2026 07:41
4c762a92-2f91-4b3e-8b46-b7d2bca84304,business.irish,resell,,,high,medium,8,"Spaceship, Inc.",11/09/2026 03:00,11/09/2027 03:00,09/10/2026 07:41
5e2c72ee-4a27-4bfd-947d-f3dd3250f64c,business.furniture,resell,,,high,medium,8,"GoDaddy.com, LLC",30/12/2023 16:57,30/12/2027 16:57,09/10/2026 07:41
03f8ea50-b64c-4b59-bba0-0da50b4a965e,company.software,premium,414.2,414.2,high,low,7,spaceship,,,09/10/2026 00:04
69843ea0-23cf-4ced-83a2-2a70c95ca14f,company.investments,premium,520,520,high,low,7,namecheap,,,09/10/2026 00:04
457fa030-04f9-4352-9709-82667c298862,company.theater,available,51.95,51.95,high,low,7,spaceship,,,09/10/2026 00:04
78095053-8d83-44e7-8728-8fa9b189135e,business.tv,resell,,,high,medium,8,InternetX GmbH,01/05/2000 07:00,09/04/2027 03:59,09/10/2026 07:41
07f15558-0465-4aff-a9b4-ef0c07083479,company.auto,available,2070,2950,high,low,7,namecheap,,,09/10/2026 00:04
acb6eb3a-5d7d-4f80-992a-3ef36c2e23ae,company.zip,premium,249.2,257.92,high,low,7,unstoppable,,,09/10/2026 00:04
baac03bb-4e4b-4680-95c2-89720352528b,business.la,resell,,,high,medium,8,Dynadot LLC,21/02/2008 01:00,21/02/2027 23:59,09/10/2026 07:41
f3832cbf-d9ab-4168-a292-58bdf27cb4fb,business.pizza,resell,,,high,medium,8,Dynadot Inc,13/05/2026 17:00,13/05/2027 17:00,09/10/2026 07:41
1d55df0c-a068-45c7-b0a7-4f6a12f2f66c,company.rsvp,premium,516.67,516.67,high,low,7,spaceship,,,09/10/2026 00:04
6c3587c6-d28e-47be-b8e0-93f5cd69ed44,company.phd,premium,671.92,671.92,high,low,7,spaceship,,,09/10/2026 00:04
e55d3160-d543-4a13-a313-7463656bba67,business.locker,premium,6500,39,high,medium,8,namecheap,,,09/10/2026 07:41
7258079b-a848-4bb2-a8da-c6b5c4e9d185,enterprise.inc,premium,2061.5,2660,high,medium,10,namesilo,,,10/10/2026 00:56
9e314776-373f-430d-8982-dc112c691fd5,business.exchange,resell,,,high,medium,8,"Spaceship, Inc.",16/12/2020 17:16,16/12/2026 17:16,09/10/2026 07:41
c44bf91b-8f4b-4d3d-a21c-ba977aa76ed6,enterprise.ltda,premium,56.64,33.04,high,medium,10,namesilo,,,10/10/2026 00:56
2a971f1a-e3ca-4d11-b286-7c87d1226daa,business.esq,premium,1299.2,1344.67,high,medium,8,unstoppable,,,09/10/2026 07:41
09d2e6cd-8f67-4e4a-a692-8f8f8db0602a,business.living,premium,1449.2,2070.2,high,medium,8,spaceship,,,09/10/2026 07:41
d2b9221a-f1b1-42c6-a8ed-ce1954cff8c1,business.holiday,resell,,,high,medium,8,Dynadot Inc,16/02/2026 17:01,16/02/2027 17:01,09/10/2026 07:41
50a28248-3caa-41fb-a3f1-0aa4031ca53d,company.realty,premium,1107,1107,high,low,7,namesilo,,,09/10/2026 00:04
0a269674-c2f1-4914-967a-a27ee2920011,company.so,resell,,,high,low,7,NameCheap,17/02/2021 05:47,17/02/2026 05:47,
8a6ab37a-940f-41c1-a596-4429b30b7c53,business.fan,premium,260,260,high,medium,8,namecheap,,,09/10/2026 07:41
f8dd9556-5e59-4473-915c-1f33131236aa,business.cheap,resell,,,high,medium,8,TLD Registrar Solutions Ltd.,08/02/2021 12:25,08/02/2027 12:25,09/10/2026 07:41
08f14619-c2e9-4676-ba71-4519bbfa80f4,business.dance,available,16.99,32.99,high,medium,8,namesilo,,,09/10/2026 07:41
3874fb4d-d77e-4f76-8b45-f9fe941cdf5c,company.city,premium,66.5,72.57,high,low,7,unstoppable,,,09/10/2026 00:04
49b76108-d933-4a3c-a97d-cda3dade7bc7,company.cruises,premium,242,242,high,low,7,namesilo,,,09/10/2026 00:04
5068404b-1199-42fd-94bb-d35b6754d4bb,business.place,resell,,,high,medium,8,Dynadot Inc,25/02/2025 15:15,25/02/2027 15:15,09/10/2026 07:41
7d12675b-0fb2-4c0b-a42f-586f31846ec6,company.healthcare,premium,512,512,high,low,7,namesilo,,,09/10/2026 00:04
6eb72f79-992c-4fd1-a914-eb9893e4c9eb,company.accountant,premium,650,84.5,high,low,7,namecheap,,,09/10/2026 00:04
3129f6d0-3d65-4a4b-b0bd-205323f1c6f6,business.promo,premium,3450,3450,high,medium,8,namesilo,,,09/10/2026 07:41
c0ddc618-2575-4b85-aeff-6440ee1c4c20,company.boo,premium,499.2,516.67,high,low,7,unstoppable,,,09/10/2026 00:04
89dde2df-4426-4658-816b-37683ef03080,company.movie,available,36.43,279.65,high,low,7,spaceship,,,09/10/2026 00:04
945e5742-b200-49e5-9fbb-9e1e841c8931,company.racing,premium,103.7,155.45,high,low,7,spaceship,,,09/10/2026 00:04
604545cc-7521-46cd-9783-6de2e847f1bd,business.futbol,available,5.38,13.66,high,medium,8,spaceship,,,09/10/2026 07:41
8f39db85-abdf-4db0-9bd9-db4b20446065,business.top,resell,,,high,medium,8,Dynadot LLC,28/03/2017 07:04,28/03/2027 07:04,09/10/2026 07:41
8aeb7667-506f-4969-8cce-baa28cb98196,business.surgery,premium,108.9,108.9,high,medium,8,dynadot,,,09/10/2026 07:41
a6da74e3-ceda-4f78-85a0-5fe7bf0cfc30,company.rocks,resell,,,high,low,7,"Global Domains International, Inc. DBA DomainCostClub.com",27/06/2024 17:00,27/06/2027 17:00,09/10/2026 00:04
028742c7-9477-4f9d-ac42-7b32b8234664,business.store,premium,13800,13800,high,medium,8,namesilo,,,09/10/2026 07:41
f983e3a9-d558-43c8-bb28-98b913ba1e45,company.hospital,available,74.99,74.99,high,low,7,namesilo,,,09/10/2026 00:04
3fd8f4ad-1e8c-481b-88cc-85e826752115,business.mov,premium,1034.17,1034.17,high,medium,8,spaceship,,,09/10/2026 07:41
bbd6d9e4-c22b-4dd9-bcaa-bc320d4fd95d,company.earth,resell,,,high,low,7,Porkbun,10/02/2024 00:00,10/02/2027 00:00,09/10/2026 00:04
c55b3afa-3509-408d-9b3d-10a22a12ef2e,business.miami,resell,,,high,medium,8,Porkbun,02/10/2015 16:00,02/10/2027 16:00,09/10/2026 07:41
0a60d4e6-7622-441d-b539-dd4eb4d7b543,company.exposed,premium,512,512,high,low,7,namesilo,,,09/10/2026 00:04
dd5d48f6-c1be-4695-842d-4c2b5f9660cc,company.fail,premium,102.67,102.67,high,low,7,spaceship,,,09/10/2026 00:04
074de034-6bf3-477c-8565-c155122d3d9b,business.life,resell,,,high,medium,8,"Spaceship, Inc.",01/07/2015 16:00,01/07/2027 16:00,09/10/2026 07:41
02cd0c6a-9a5e-4dbc-ad92-d0b492c4909f,business.consulting,resell,,,high,medium,8,"Spaceship, Inc.",28/09/2018 16:43,28/09/2028 16:43,09/10/2026 07:41
f1dab014-7d72-401f-81f6-d0ef6a813bcf,company.bingo,available,42.64,42.64,high,low,7,spaceship,,,09/10/2026 00:04
0e63c53e-a23d-4e87-a246-0658316911e1,commerce.llc,premium,250.5,275,high,low,8,unstoppable,,,08/10/2026 06:17
f5df9f11-df77-45f6-b692-5972026f1ef2,business.download,premium,1107,116,high,medium,8,namesilo,,,09/10/2026 07:41
6b1c6c2a-ce90-4c32-91ab-99ce207c2626,business.luxe,resell,,,high,medium,8,"GoDaddy.com, LLC",05/05/2021 13:39,05/05/2027 13:39,09/10/2026 07:41
748058e0-d3e5-481b-88b9-056acd7d8b5a,company.wine,resell,,,high,low,7,Dynadot Inc,16/02/2026 17:01,16/02/2027 17:01,09/10/2026 00:04
a30758ad-4d2a-45b7-9838-66bd4aa2c35a,company.guitars,available,104.99,114.99,high,low,7,namesilo,,,09/10/2026 00:04
c1c34500-f8f7-4e3a-8b69-b73d620795d2,company.villas,premium,512,512,high,low,7,namesilo,,,09/10/2026 00:04
48644414-f63e-4d05-8752-e35c8ada41d7,company.pw,premium,640,640,high,low,7,namesilo,,,09/10/2026 00:04
2ca4be1e-a45a-42a2-af1b-ba46938f6ba0,company.holdings,premium,78.54,78.54,high,low,7,namesilo,,,09/10/2026 00:04
c9f67daa-be88-4523-834c-b580d08b346a,company.jetzt,available,23.99,23.99,high,low,7,namesilo,,,09/10/2026 00:04
dd90fb2b-591f-4d40-a6e0-579cbf16987c,company.attorney,premium,1107,1107,high,low,7,namesilo,,,09/10/2026 00:04
90e9f418-ce70-49e6-a6f7-d4498c11680c,company.faith,available,10.53,10.53,high,low,7,spaceship,,,09/10/2026 00:04
428decc6-65de-4779-9e1a-526601064f00,company.plumbing,premium,414.2,414.2,high,low,7,spaceship,,,09/10/2026 00:04
99660684-e809-43d9-9372-968506353def,company.voto,available,10.55,55.93,high,low,7,spaceship,,,09/10/2026 00:04
49c6da23-3935-41d1-8df3-cb83931d5164,company.today,resell,,,high,low,7,UM DOMAINS PTE. LTD,12/02/2026 15:15,12/02/2027 15:15,09/10/2026 00:04
103163da-4d16-43db-b0ee-30c5c4b6a8c6,business.fishing,premium,44,26.97,high,medium,8,dynadot,,,09/10/2026 07:41
c05c9491-9e9e-4740-b0fa-49da47bfd485,company.monster,premium,,,high,low,7,,,,09/10/2026 00:04
603b1106-13f6-4731-90b2-b929e575cef2,company.fun,premium,2500.2,2750,high,low,7,unstoppable,,,09/10/2026 00:04
ecc1e362-de80-49ca-9ed3-9c700b29a1a7,company.enterprises,resell,,,high,low,7,Unstoppable Domains Inc,18/02/2025 17:10,18/02/2027 17:10,09/10/2026 00:04
110de599-f618-4c46-8ff8-2ba5db083070,company.limo,premium,68.51,68.51,high,low,7,spaceship,,,09/10/2026 00:04
a8626310-0cd2-403c-a5b2-0fbb02c9dc4d,organization.llc,premium,2000.5,2070.2,high,low,12,unstoppable,,,09/10/2026 20:57
49295eda-f561-4277-86f8-11cf61d3549e,company.green,premium,1035.2,1035.2,high,low,7,spaceship,,,09/10/2026 00:04
59f1d052-8407-4058-bd54-50c327127a20,business.works,premium,242,242,high,medium,8,namesilo,,,09/10/2026 07:41
d52b5ec9-1e7f-49e3-a366-3fa72797c2ff,business.vacations,premium,242,242,high,medium,8,namesilo,,,09/10/2026 07:41
c62fb20e-ba1b-4a42-b67e-23dfdcbd02be,company.fyi,resell,,,high,low,7,Dynadot Inc,05/10/2023 03:01,05/10/2028 03:01,09/10/2026 00:04
12f4eda4-1f9d-4997-a493-39e15caa08c7,enterprise.business,resell,42.9,42.9,high,medium,10,"GoDaddy.com, LLC",22/12/2025 17:48,22/12/2026 17:48,10/10/2026 00:56
fc5638c3-8ad6-4773-81e9-5392863cb590,organization.ventures,available,5.38,47.81,high,low,12,spaceship,,,09/10/2026 20:57
de6edb9e-402e-4c2f-9aac-ddeaf7c9e56e,business.family,premium,1300,1300,high,medium,8,namecheap,,,09/10/2026 07:41
8c7f85fc-ca00-4e61-84f4-5a77c96dbff8,business.now,resell,,,high,medium,8,Porkbun LLC,06/10/2024 03:38,06/10/2027 03:38,09/10/2026 07:41
dc19233d-b840-4520-b887-3fc5c3e75969,commerce.ltda,premium,56.64,33.04,high,low,8,namesilo,,,08/10/2026 06:17
8075da7d-3121-462c-94e8-2354b5537197,business.airforce,premium,118.8,118.8,high,medium,8,namesilo,,,09/10/2026 07:41
b566b441-df23-4531-831b-2b13e6494fd2,company.zone,resell,,,high,low,7,"DNSPod, Inc.",07/07/2020 23:59,07/07/2027 23:59,09/10/2026 00:04
b0789d66-8e66-4d5c-8967-c3d1f55e8bc2,enterprise.financial,premium,207.2,207.2,high,medium,10,spaceship,,,10/10/2026 00:56
e543d319-5dcb-462f-a18c-a1ec9d9fdcd3,company.tennis,available,51.95,51.95,high,low,7,spaceship,,,09/10/2026 00:04
9b106e6c-5201-4213-b3f1-2ec6c22eba5a,company.eco,premium,8250,61.74,high,low,7,dynadot,,,09/10/2026 00:04
98896557-a2da-4312-a4c2-740140b3b8fd,business.security,available,1863.2,2000.18,high,medium,8,spaceship,,,09/10/2026 07:41
adcf642a-0411-43bc-9b50-3ae8192ada11,company.hamburg,available,69.98,73.98,high,low,7,namecheap,,,09/10/2026 00:04
16a853a6-3c0e-40b9-bbb0-5907f2b9c66b,company.engineering,premium,400.5,440,high,low,7,unstoppable,,,09/10/2026 00:04
bd037c47-15c6-41c2-87ff-7180fa624bd7,business.ing,premium,1345.7,1345.7,high,medium,8,spaceship,,,09/10/2026 07:41
47f79b7c-8e36-4982-8658-ee6e50ea84d4,company.xxx,premium,256.88,256.88,high,low,7,spaceship,,,09/10/2026 00:04
cdf700a3-67bf-4ecc-a988-b4f47b589fe7,company.channel,premium,516.67,516.67,high,low,7,spaceship,,,09/10/2026 00:04
642eef88-b180-4343-b4bc-45fadc470d3a,firm.llc,premium,2070.2,2070.2,high,low,4,spaceship,,,09/10/2026 23:07
aad31701-e154-4c9a-a6cf-fad24effcd4f,business.prof,premium,1344.67,1344.67,high,medium,8,spaceship,,,09/10/2026 07:41
a0d51554-8953-4df5-853f-e1dde5ff4ce8,business.lighting,available,25.98,35.48,high,medium,8,namecheap,,,09/10/2026 07:41
af4477a6-759c-47a4-8198-5580e518af63,business.plus,resell,,,high,medium,8,1API GmbH,13/12/2017 16:16,13/12/2026 16:16,09/10/2026 07:41
c5f3fdf1-a13e-429e-b66a-858c7cedee0c,company.contractors,premium,68.51,68.51,high,low,7,spaceship,,,09/10/2026 00:04
10a61f47-1a69-4994-8b01-7fff1585739f,business.media,resell,,,high,medium,8,"Sav.com, LLC - 35",27/11/2023 15:15,27/11/2026 15:15,09/10/2026 07:41
2d65a6a8-d136-4bab-a6e9-96f4fe90dfc7,business.gay,premium,302.5,302.5,high,medium,8,namesilo,,,09/10/2026 07:41
d2ebf00e-83be-4d82-b8b4-73c1f1751659,company.memorial,available,134.99,134.99,high,low,7,namesilo,,,09/10/2026 00:04
34712d9e-539f-4546-9cef-6f2861a7e35b,company.poker,available,5.98,85.98,high,low,7,namecheap,,,09/10/2026 00:04
398cc6f7-f3b2-4646-bc30-77aae84a3ee6,company.dental,premium,854,854,high,low,7,namesilo,,,09/10/2026 00:04
10c4de55-e057-4f6c-9cfe-09dc41431bef,company.rest,premium,326.23,465.95,high,low,7,spaceship,,,09/10/2026 00:04
95bf49f6-93bd-43ba-8c3e-d1d03716e9da,company.mba,resell,,,high,low,7,"DNSPod, Inc.",25/04/2022 13:15,25/04/2027 13:15,09/10/2026 00:04
e80802f3-8fd8-4357-9efa-abe19063e34f,company.car,available,1999.99,2199,high,low,7,namesilo,,,09/10/2026 00:04
5b968c1b-4cba-4a5a-8ac1-6f1af63a1378,business.press,premium,2587.7,5175.2,high,medium,8,spaceship,,,09/10/2026 07:41
1bf6416f-7064-40e6-a720-4ac36b70a4ca,company.agency,resell,,,high,low,7,"Spaceship, Inc.",13/05/2022 13:15,13/05/2027 13:15,09/10/2026 00:04
e9ff7173-25b1-45c6-9038-4e88e65f64b2,company.love,premium,8280,8280,high,low,7,namesilo,,,09/10/2026 00:04
a5918a48-bbc2-4081-a103-693f24c1a682,company.luxe,resell,,,high,low,7,"Chengdu West Dimension Digital Technology Co., Ltd.",16/08/2026 00:03,16/08/2027 00:03,09/10/2026 00:04
1604d73d-83d4-481b-8d85-8b6f8ccbfd1f,company.sbs,premium,384,768,high,low,7,namesilo,,,09/10/2026 00:04
b6cdda69-6f80-4360-8dd5-5fd71c1b971d,company.graphics,premium,102.67,102.67,high,low,7,spaceship,,,09/10/2026 00:04
6d9c4e08-864f-4f43-ba84-37f8bbce3738,business.doctor,resell,,,high,medium,8,"Global Domains International, Inc. DBA DomainCostClub.com",30/10/2016 16:00,30/10/2028 16:00,09/10/2026 07:41
bf31dcef-fe5b-4127-9261-816ae3fd63be,business.pink,resell,,,high,medium,8,"NameCheap, Inc.",22/09/2026 14:26,22/09/2027 14:26,09/10/2026 07:41
095d0d52-05f4-4791-aa0e-986068de8df0,company.irish,resell,,,high,low,7,"GoDaddy.com, LLC",21/07/2020 22:23,21/07/2027 22:23,09/10/2026 00:04
406102fd-3c17-45bc-ab03-489f0f343b5a,company.glass,available,58.16,58.16,high,low,7,spaceship,,,09/10/2026 00:04
ce47e989-b3b5-49e9-8878-1d6973fff98e,firm.industries,available,36.43,36.43,high,low,4,spaceship,,,09/10/2026 23:07
41883d24-0ea8-4b49-93b1-0add9e9fe09f,commerce.srl,premium,54.28,30.68,high,low,8,namesilo,,,08/10/2026 06:17
75fcdc48-2265-4a9a-8b23-96c7983e360a,commerce.industries,premium,118.8,118.8,high,low,8,namesilo,,,08/10/2026 06:17
9d8018a7-82c7-4c29-955a-17761b994a6a,business.moi,premium,3450,3450,high,medium,8,namesilo,,,09/10/2026 07:41
af9ee7f8-7f64-4a4c-ba90-bad69ecd1fb5,business.financial,resell,,,high,medium,8,"Sav.com, LLC - 31",14/02/2024 15:15,14/02/2027 15:15,09/10/2026 07:41
90d62bd0-c2ca-49ce-9e60-892e0b984f03,company.pro,resell,,,high,low,7,Porkbun LLC,02/03/2005 00:00,02/03/2027 00:00,09/10/2026 00:04
8fd1548b-aa53-41cc-9d8b-df243d5c7c51,business.run,resell,,,high,medium,8,Dynadot Inc,27/01/2018 11:28,27/01/2027 11:28,09/10/2026 07:41
14d37b92-fd5e-4795-8fc0-e4cdd9461663,business.lifestyle,premium,2200,2200,high,medium,8,dynadot,,,09/10/2026 07:41
f6bbf784-0a02-4be4-8431-ea84ae43111d,business.exposed,premium,207.2,207.2,high,medium,8,spaceship,,,09/10/2026 07:41
b75892c5-2e08-41eb-9882-58dcb2af7aa4,business.men,premium,13800,116,high,medium,8,namesilo,,,09/10/2026 07:41
594d1170-f865-4c29-a0c9-f38dd420b2f4,company.diamonds,available,54.99,54.99,high,low,7,namesilo,,,09/10/2026 00:04
4eb647ee-c3a3-4113-94ea-53d4b80a3f0b,corporation.limited,premium,68.51,68.51,high,low,11,spaceship,,,27/09/2026 16:41
b8c41600-5f0f-4958-8ad2-98611feb0e6a,company.toys,premium,242,242,high,low,7,namesilo,,,09/10/2026 00:04
a56ce1b9-2ad4-40f2-8d23-8d9de2ce8512,business.apartments,resell,72.98,,high,medium,8,"Sav.com, LLC",10/01/2026 15:58,10/01/2027 15:58,09/10/2026 07:41
c668e52e-ab1f-49e1-a092-7dce73020d6d,organization.srl,available,31.99,31.99,high,low,12,namesilo,,,09/10/2026 20:57
5215ddb4-f36a-4a0e-8ca7-d7f6b61efc81,business.online,premium,34500,34500,high,medium,8,namesilo,,,09/10/2026 07:41
b7e7b222-d61f-47e0-8cac-517f485f6b32,business.wedding,premium,96,29.5,high,medium,8,namesilo,,,09/10/2026 07:41
08ee9ee2-c174-440b-bfa9-c4bdf06c30cd,company.vacations,premium,242,242,high,low,7,namesilo,,,09/10/2026 00:04
314c4b2d-8258-4978-9e3c-59eecf47e6dc,company.consulting,premium,400.5,414.2,high,low,7,unstoppable,,,09/10/2026 00:04
619f0910-8b92-4824-9fd9-679d721e3b5e,business.mortgage,premium,3450,3450,high,medium,8,namesilo,,,09/10/2026 07:41
bd54765c-7c8f-4cb5-a2f0-25afe6c85b71,business.dentist,premium,207.2,207.2,high,medium,8,spaceship,,,09/10/2026 07:41
7f329899-4011-494b-9915-9bf401f8e897,company.schule,available,22.2,22.2,high,low,7,cloudflare,,,09/10/2026 00:04
251ed417-8c20-4524-89bd-f25e2aeafaec,commerce.limited,available,36.99,36.99,high,low,8,namesilo,,,08/10/2026 06:17
95427e26-4a9a-4ee8-a3b7-44e0bbbb50cb,company.bio,resell,,,high,low,7,"Xiamen ChinaSource Internet Service Co., Ltd",05/02/2026 15:15,05/02/2027 15:15,09/10/2026 00:04
e32d5d1b-5aeb-4a6a-a0b8-ecfc4eda45da,business.diy,premium,2660,2660,high,medium,8,namesilo,,,09/10/2026 07:41
12068685-e5a6-4a96-bf4d-02983f27a96c,business.markets,resell,,,high,medium,8,Dynadot Inc,03/03/2020 23:06,03/03/2027 23:59,09/10/2026 07:41
8c31cb4c-2b45-41d6-8d58-db9e0c5b65c3,business.cruises,premium,102.67,102.67,high,medium,8,spaceship,,,09/10/2026 07:41
89538136-411d-492b-9eab-a2a08992f896,business.science,premium,13800,116,high,medium,8,namesilo,,,09/10/2026 07:41
7d7a247b-0d3a-4911-ba84-7bd315bf4eb8,business.energy,resell,,,high,medium,8,Porkbun LLC,11/02/2015 16:00,11/02/2027 16:00,09/10/2026 07:41
a5c3bcd0-2c62-45b2-9acf-be360c187bbc,business.foundation,premium,207.2,207.2,high,medium,8,spaceship,,,09/10/2026 07:41
f4537cd1-d53c-4c13-8942-6a157c41fa64,business.actor,premium,68.51,68.51,high,medium,8,spaceship,,,09/10/2026 07:41
1870f197-51f5-4acb-ab37-ab217a5771de,company.loan,premium,2587.7,103.7,high,low,7,spaceship,,,09/10/2026 00:04
09a50ef8-a5ae-4dc2-b8e2-2f30c37b77e7,company.food,premium,455,650,high,low,7,namecheap,,,09/10/2026 00:04
f80b3bb3-6162-4ca9-89f7-edbe59e7d653,company.soy,premium,309.67,309.67,high,low,7,spaceship,,,09/10/2026 00:04
1994378e-49c4-4cc0-bfdc-77ebdfc4f51b,business.movie,available,270.2,270.2,high,medium,8,cloudflare,,,09/10/2026 07:41
04e5f628-1d80-40cd-9d91-ebe6e4c88169,company.yoga,premium,512,29.5,high,low,7,namesilo,,,09/10/2026 00:04
3ab3e4c3-c4f6-4aa6-81bb-4a0b0113323e,business.tours,resell,,,high,medium,8,Dynadot Inc,11/12/2017 08:18,11/12/2026 08:18,09/10/2026 07:41
39c6e52b-2bb8-491e-9cb0-8f16fb3922f8,company.hot,premium,500.5,517.7,high,low,7,unstoppable,,,09/10/2026 00:04
fc2b8030-81c9-4f03-a10c-b3404596b8de,trade.gmbh,resell,,,high,medium,5,Ledl.net GmbH & Co KG,01/09/2021 09:45,01/09/2027 09:45,08/10/2026 16:34
65fa221f-705c-4d5a-b33d-53b4a80c3d6c,business.red,resell,,,high,medium,8,Porkbun LLC,27/09/2018 10:16,27/09/2027 10:16,09/10/2026 07:41
7d296e8c-f3d0-49ab-a111-8400cd86ac0e,company.management,resell,,,high,low,7,"GoDaddy.com, LLC",10/12/2022 13:42,10/12/2026 13:42,09/10/2026 00:04
3d92781b-ff12-4911-8ce1-f053a0031cb9,business.love,premium,5520,5520,high,medium,8,namesilo,,,09/10/2026 07:41
8166e22f-4c72-4364-9192-ce86a552fe76,trade.srl,premium,54.28,30.68,high,medium,5,namesilo,,,08/10/2026 16:34
89c53fbd-77da-41da-8f41-d1accafceaac,company.shop,premium,6900,6900,high,low,7,namesilo,,,09/10/2026 00:04
0964af5b-75eb-4f9f-9524-b639d3bea877,business.reise,available,77.83,77.83,high,medium,8,spaceship,,,09/10/2026 07:41
3f48d305-7433-4d28-9371-efbde5619c4d,company.juegos,available,368.98,478.98,high,low,7,namecheap,,,09/10/2026 00:04
e2295f81-53c6-4946-a20e-7b466e2f31af,company.locker,premium,1035.2,31.25,high,low,7,spaceship,,,09/10/2026 00:04
5b700c49-6d93-4d70-ae17-f97eb2403c9c,company.link,premium,3622.7,3622.7,high,low,7,spaceship,,,09/10/2026 00:04
9888d0ae-fdf1-4af2-b053-2c84baa7e29b,company.art,premium,291.2,83.3,high,low,7,namesilo,,,09/10/2026 00:04
910e6282-40d2-435f-839b-a7fd4f179d40,company.storage,available,509.99,529.99,high,low,7,namesilo,,,09/10/2026 00:04
a3ddf9bc-118c-4bbf-ab57-5fdf8557208f,company.gripe,available,5.2,5.2,high,low,7,cloudflare,,,09/10/2026 00:04
193e01fb-9ae1-4e32-846d-3cad8b4dec86,commerce.enterprises,resell,,,high,low,8,"Sav.com, LLC - 45",18/09/2026 15:15,18/09/2027 15:15,08/10/2026 06:17
4c9ffa90-379b-43af-ac34-b6bef5530536,company.gift,premium,153.6,153.6,high,low,7,namesilo,,,09/10/2026 00:04
86a39479-7e38-4b7c-94e5-b3c786f89d3c,business.forex,premium,5500,5500,high,medium,8,dynadot,,,09/10/2026 07:41
d75a9d9d-a24a-4b90-9f17-4b14a682cd66,firm.limited,available,28.2,28.2,high,low,4,cloudflare,,,09/10/2026 23:07
31c03a7b-1f55-4287-9c58-223f057a8b1d,corporation.ltda,premium,52.8,30.18,high,low,11,dynadot,,,27/09/2026 16:41
db1840ed-c090-46ef-b1ef-a21205da8f22,enterprise.management,premium,440,440,high,medium,10,dynadot,,,10/10/2026 00:56
016ac14c-0413-4eb7-8d8c-aa9bdbbd3177,business.bar,premium,495,495,high,medium,8,dynadot,,,09/10/2026 07:41
db0de436-b869-4d5e-92d1-695622930c74,company.dance,premium,207.2,207.2,high,low,7,spaceship,,,09/10/2026 00:04
a42ce71c-b1b1-40b5-a4e5-15d628fd7913,business.auto,available,1863.2,2064.2,high,medium,8,spaceship,,,09/10/2026 07:41
86a13c84-c113-45d2-b9d5-95f697ec0904,company.fund,premium,207.2,207.2,high,low,7,spaceship,,,09/10/2026 00:04
238037ef-37f2-4cfd-ae4b-4b7072891807,enterprise.blackfriday,available,114.99,114.99,high,medium,10,namesilo,,,10/10/2026 00:56
9e14d320-be3b-424e-b78c-cf4a2f471268,trade.enterprises,resell,,,high,medium,5,"Sav.com, LLC - 19",28/04/2026 15:16,28/04/2027 15:16,08/10/2026 16:34
a0b88044-c413-4d3f-935a-26ffe278a2ab,business.tax,resell,,,high,medium,8,"GoDaddy.com, LLC",31/08/2015 08:26,31/08/2027 08:26,09/10/2026 07:41
03445bd7-e2e3-4e6c-8c1d-08e26bc75fc7,company.press,premium,776.45,1552.7,high,low,7,spaceship,,,09/10/2026 00:04
53750038-8342-4008-a04e-a1260b8a7bad,company.fast,premium,517.7,517.7,high,low,7,spaceship,,,09/10/2026 00:04
505ec4d0-73fb-4493-ae16-d799aa87beb9,business.paris,available,66.98,66.98,high,medium,8,namecheap,,,09/10/2026 07:41
1e76dfb3-ad81-49bc-afca-bdd899ba5361,company.cafe,resell,,,high,low,7,"DNSPod, Inc.",17/01/2025 15:15,17/01/2027 15:15,09/10/2026 00:04
c7b954e2-16ee-46f8-8613-7c35b8ac487d,company.lawyer,premium,1107,1107,high,low,7,namesilo,,,09/10/2026 00:04
db07a167-4156-462c-94e1-c19ebe4cdba7,business.institute,resell,,,high,medium,8,Dynadot Inc,29/09/2017 23:17,29/09/2027 23:17,09/10/2026 07:41
dbe53f17-0b0f-4ec7-b8ea-cdbf7ab944c8,business.legal,premium,207.2,207.2,high,medium,8,spaceship,,,09/10/2026 07:41
2d8470a6-eea4-4621-b55b-ef47c5dddd42,company.republican,available,7.25,7.25,high,low,7,namesilo,,,09/10/2026 00:04
453d19bf-6fdb-4659-b26b-90e2c3d03cc8,company.hiv,available,184.9,184.9,high,low,7,spaceship,,,09/10/2026 00:04
ef2999f6-7ba5-4125-acd2-888aac539bcb,commerce.ltd,resell,,,high,low,8,"Sav.com, LLC - 33",20/09/2026 15:15,20/09/2027 15:15,08/10/2026 06:17
1533926d-69a1-40e2-acc9-7e70c035f274,company.apartments,available,57.99,57.99,high,low,7,namesilo,,,09/10/2026 00:04
c583fbdc-f925-4eee-bba6-a2a4aa40f210,business.bayern,premium,246.68,33.87,high,medium,8,dynadot,,,09/10/2026 07:41
7f60fb32-4743-4a41-9451-eaa11f7ae719,organization.day,premium,30.22,30.22,high,low,12,spaceship,,,09/10/2026 20:57
ffec30d6-9fab-458e-b0e5-4bc287fb96f0,business.moe,premium,88,13.06,high,medium,8,dynadot,,,09/10/2026 07:41
f51aed4a-3732-4d91-8b88-156a38cf2030,business.properties,resell,,,high,medium,8,"Sav.com, LLC - 22",13/02/2024 15:15,13/02/2027 15:15,09/10/2026 07:41
54b0989d-908c-4c64-8dc9-b153609c900f,business.boo,premium,1034.17,1034.17,high,medium,8,spaceship,,,09/10/2026 07:41
fc6ef67e-c059-4a5f-8c0d-7c72e36e941d,industry.sarl,premium,38.94,38.94,high,medium,8,namesilo,,,09/10/2026 01:06
0e621c1d-4ded-42a9-b569-935aa396310e,organization.pro,resell,,,high,low,12,"Sav.com, LLC - 43",12/01/2026 15:15,12/01/2027 15:15,09/10/2026 20:57
06e73f4b-e7cd-481e-82c2-efe720a054f1,organization.supplies,available,24.99,24.99,high,low,12,namesilo,,,09/10/2026 20:57
5bb83df9-51da-4047-a92b-c01c90abd149,corporation.enterprises,available,8.48,28.15,high,low,11,spaceship,,,27/09/2026 16:41
c18e12fe-e01e-401d-88be-1c9cce8340c0,business.luxury,premium,2070.2,2070.2,high,medium,8,spaceship,,,09/10/2026 07:41
4686a1b5-385d-4b3e-b75d-d8a390957be9,organization.archi,available,18.5,147.98,high,low,12,unstoppable,,,09/10/2026 20:57
242d1d32-cf92-4c48-be9b-0ca4a79ea71b,organization.cyou,premium,63.25,126.5,high,low,12,dynadot,,,09/10/2026 20:57
7c9db5f1-a2b3-4b82-99ad-0907c1d6eadc,company.fish,premium,118.8,118.8,high,low,7,namesilo,,,09/10/2026 00:04
860f677a-afb1-41b9-a773-3ac13a9396bd,trade.deal,premium,517.7,517.7,high,medium,5,spaceship,,,08/10/2026 16:34
a1caf0d3-8103-40a0-bd0e-2a02326cbfca,company.report,resell,,,high,low,7,"GoDaddy.com, LLC",31/08/2015 05:07,31/08/2027 05:07,09/10/2026 00:04
07d080dd-a73f-4d4b-b867-67c78d7d9be0,trade.partners,resell,,,high,medium,5,"Sav.com, LLC",15/09/2026 20:58,15/09/2027 20:58,08/10/2026 16:34
f96c3376-3b80-411f-a218-02be94afcc5f,enterprise.actor,premium,207.2,207.2,high,medium,10,spaceship,,,10/10/2026 00:56
f4feb22c-3725-45b6-b019-425a2e68de7a,company.gallery,premium,102.67,102.67,high,low,7,spaceship,,,09/10/2026 00:04
90b0a50a-2082-4efd-8f6d-0d3d3373f9db,company.cricket,premium,1300,130,high,low,7,namecheap,,,09/10/2026 00:04
025c3320-a594-44d6-9b45-3328551e7ee6,enterprise.supplies,premium,68.51,68.51,high,medium,10,spaceship,,,10/10/2026 00:56
aa091b04-3de7-4210-890a-0f6d72f1b5ce,enterprise.forum,premium,116,116,high,medium,10,namesilo,,,10/10/2026 00:56
38cbf320-1afc-4f67-9d12-0c8c367b3f9a,organization.sale,premium,108.9,108.9,high,low,12,dynadot,,,09/10/2026 20:57
84074b91-bc45-409f-9423-054ae7845721,business.racing,premium,110,110,high,medium,8,dynadot,,,09/10/2026 07:41
7dbd8300-8935-4111-aa90-47a643a6624e,enterprise.film,available,65.99,65.99,high,medium,10,namesilo,,,10/10/2026 00:56
2c563da0-1e4c-4f8c-be47-85964211d968,company.soccer,available,20.9,20.9,high,low,7,spaceship,,,09/10/2026 00:04
d9293f53-e066-4905-9155-900222d02085,business.immo,premium,242,242,high,medium,8,namesilo,,,09/10/2026 07:41
8b6092e8-a8a8-44cd-8c08-417a99c770bc,company.sarl,available,6.99,6.99,high,low,7,namesilo,,,09/10/2026 00:04
c02994f0-4503-4beb-8068-1054bdfdb690,company.dealer,premium,2140.22,2140.22,high,low,7,dynadot,,,09/10/2026 00:04
7fad9b66-c4dd-487b-b020-93403cc76f1b,company.school,resell,,,high,low,7,"Xiamen ChinaSource Internet Service Co., Ltd",30/04/2023 17:02,30/04/2027 17:02,09/10/2026 00:04
78e9f86b-b6be-454e-b61d-77129266d154,company.gives,premium,78.54,78.54,high,low,7,namesilo,,,09/10/2026 00:04
c479ae13-7488-4098-a707-7f331c0f7d3b,organization.autos,available,1.99,17.29,high,low,12,namesilo,,,09/10/2026 20:57
2f628b69-33b5-4d5c-9757-e2d213ee9df9,business.win,premium,,,high,medium,8,Squarespace Domains II LLC,10/02/2021 22:39,10/02/2027 22:39,09/10/2026 07:41
5f90bd5a-e7eb-463e-acef-ed9dc551d1bb,management.co,resell,,,high,low,10,Hello Internet Corp.,24/02/2010 22:49,23/02/2027 23:59,26/09/2026 07:24
05236b84-064a-44cf-b56c-68e2b8ebf6c1,business.food,premium,1449.2,2070.2,high,medium,8,spaceship,,,09/10/2026 07:41
ceebbbab-b7f0-483b-8ee1-b1570b2067a3,organization.construction,available,31.25,31.25,high,low,12,spaceship,,,09/10/2026 20:57
49e4ae3c-134f-447d-a685-928a4b3ff56b,firm.pro,resell,,,high,low,4,DomainTact LLC,23/02/2026 15:15,23/02/2027 15:15,09/10/2026 23:07
4cf04c6d-d9c1-4d98-9b15-78697b28a7a0,company.supply,premium,72.6,72.6,high,low,7,dynadot,,,09/10/2026 00:04
cf2c9043-4a25-40e3-9e36-c07cb9a4811d,organization.ceo,available,9.19,103.7,high,low,12,spaceship,,,09/10/2026 20:57
4cbdb5f8-60a4-4503-9709-01d8c701ca52,management.llc,premium,2660,2660,high,low,10,namesilo,,,19/09/2026 14:24
bad33c4a-3f5d-4c36-8537-76986cf42082,company.porn,available,95.2,95.2,high,low,7,cloudflare,,,09/10/2026 00:04
9f1486a3-9ccb-4390-bf48-d1da25d4df95,organization.racing,available,11.99,11.99,high,low,12,namesilo,,,09/10/2026 20:57
510ff9cd-5db4-450a-bde8-0d3b4350acc7,organization.network,resell,,,high,low,12,"Global Domains International, Inc. DBA DomainCostClub.com",14/06/2015 06:42,14/06/2027 06:42,09/10/2026 20:57
a6374237-dde4-400f-a7fd-d4b0dc1ece17,company.shoes,available,21.62,60.14,high,low,7,dynadot,,,09/10/2026 00:04
ced941e5-09fb-43cf-9834-a6fafb6f052d,organization.photo,available,29.99,29.99,high,low,12,namesilo,,,09/10/2026 20:57
1d3f5eb1-1dc5-47ec-965a-b8a129ea94cd,company.theatre,available,509.99,529.99,high,low,7,namesilo,,,09/10/2026 00:04
6594ee00-233c-4183-bc84-4794c408928f,organization.diamonds,available,54.99,54.99,high,low,12,namesilo,,,09/10/2026 20:57
1f054728-32d3-4eeb-adbb-58394c1b5a4d,company.christmas,available,30.2,30.2,high,low,7,cloudflare,,,09/10/2026 00:04
3db821eb-b065-47be-8072-233b5ec28556,company.rentals,premium,800.5,828.2,high,low,7,unstoppable,,,09/10/2026 00:04
5031f035-bce0-457c-afb2-960d493d6f16,business.pics,resell,,,high,medium,8,Dynadot Inc,31/07/2026 12:19,31/07/2027 23:59,09/10/2026 07:41
f87ab6a4-d794-4690-803a-53b6a046eb0b,company.airforce,available,103.99,103.99,high,low,7,namesilo,,,09/10/2026 00:04
4cbf0086-8a48-4ed8-9f7d-6d3aead5c297,industry.industries,premium,512,512,high,medium,8,namesilo,,,09/10/2026 01:06
9cd45d7a-0344-476e-8f63-f5cb3a40ed8f,business.realty,premium,12420,12420,high,medium,8,namesilo,,,09/10/2026 07:41
6daec9fd-15bb-4669-8569-b88f51ed6b76,trade.accountant,premium,517.7,67.48,high,medium,5,spaceship,,,08/10/2026 16:34
6b819cdb-0dc1-48d7-a22a-0d93fb961299,organization.ltda,available,34.99,34.99,high,low,12,namesilo,,,09/10/2026 20:57
bb62eddb-b343-4b1a-bfa5-4c482260e4b7,enterprise.llc,premium,2660,2660,high,medium,10,namesilo,,,10/10/2026 00:56
dc517ed8-b34a-425f-a2cb-7d620d3e73f0,company.marketing,premium,72.6,72.6,high,low,7,dynadot,,,09/10/2026 00:04
f0ed0ced-9bc4-4971-996f-01298f997e28,corporation.industries,available,9.53,36.56,high,low,11,porkbun,,,27/09/2026 16:41
4bbadb03-4b5b-42a1-8464-4243ff7a5612,business.country,available,2140.22,2140.22,high,medium,8,dynadot,,,09/10/2026 07:41
31ed80aa-8499-403f-829c-0b5582c385b6,business.singles,premium,66.5,78.54,high,medium,8,unstoppable,,,09/10/2026 07:41
860d5bf2-7dfe-4af0-9c42-61ba2135cb6a,business.coffee,resell,,,high,medium,8,Dynadot Inc,17/06/2025 17:00,17/06/2027 17:00,09/10/2026 07:41
b752fce2-f695-4022-bec0-5669edefc070,market.srl,premium,54.28,30.68,high,medium,6,namesilo,,,19/09/2026 13:41
1981e33b-f106-428d-bb8f-a62012da9c51,business.university,resell,,,high,medium,8,"Spaceship, Inc.",27/07/2014 16:00,27/07/2027 16:00,09/10/2026 07:41
df36b9c3-3529-4059-90c7-54e4719808c9,commerce.cash,resell,,,high,low,8,,,,08/10/2026 06:17
63ad42d3-afcf-4d74-a6a5-34c5c32e23b0,organization.at,available,11.99,11.99,high,low,12,namesilo,,,09/10/2026 20:57
d5b1777a-05f7-4319-822a-cc5973e560c0,company.reise,available,27.89,97.99,high,low,7,namesilo,,,09/10/2026 00:04
f9a5f30e-1d19-4eb0-8666-c1dc6563a61b,enterprise.party,premium,448,53.92,high,medium,10,namesilo,,,10/10/2026 00:56
62cec217-59aa-490f-888e-b10c7c052d25,company.gay,available,1.75,31.28,high,low,7,spaceship,,,09/10/2026 00:04
237bafcc-bcd8-46a2-8e68-5f68b14162c1,business.parts,premium,68.51,68.51,high,medium,8,spaceship,,,09/10/2026 07:41
94064daa-c9c0-48d7-a9e1-67f0b92fb8da,company.flowers,available,100,100,high,low,7,cloudflare,,,09/10/2026 00:04
8a904a49-dfcd-4681-b229-4e1d0ad6cb4a,organization.degree,premium,118.8,118.8,high,low,12,namesilo,,,09/10/2026 20:57
84609abb-6af4-4646-88c9-492196b54d8b,enterprise.living,premium,362.45,517.7,high,medium,10,spaceship,,,10/10/2026 00:56
28fbdbe7-be37-4bc5-8e0f-58719d8ee201,enterprise.tech,premium,3450,3450,high,medium,10,namesilo,,,10/10/2026 00:56
3cb96a3b-e070-4d12-9c2b-384df1e435d6,market.ltda,premium,56.64,33.04,high,medium,6,namesilo,,,19/09/2026 13:41
e0d48ef9-3532-4c3a-a0df-533d80649590,organization.tennis,available,51.95,51.95,high,low,12,spaceship,,,09/10/2026 20:57
fae50620-a747-4693-bf27-4e1b13749652,enterprise.vet,premium,414.2,414.2,high,medium,10,spaceship,,,10/10/2026 00:56
e6e75d8f-25eb-411c-991e-55f7ae4f1b9c,organization.ca,resell,,,high,low,12,Namespro Solutions Inc.,06/03/2003 17:00,06/03/2027 05:00,09/10/2026 20:57
605c91e1-c03a-46d3-aded-fbdbea85a412,business.memorial,available,134.99,134.99,high,medium,8,namesilo,,,09/10/2026 07:41
0c393796-f654-43cf-a757-5304bc14517e,trade.auto,available,1999.99,2199,high,medium,5,namesilo,,,08/10/2026 16:34
b8cae817-662a-4e52-b93f-fea1313cb436,company.esq,premium,671.92,671.92,high,low,7,spaceship,,,09/10/2026 00:04
05dad47d-3499-45e5-a4b7-60bbd8ab9155,organization.auto,available,1863.2,2064.2,high,low,12,spaceship,,,09/10/2026 20:57
4f2b532b-711f-4e30-a6ed-d268f4c71d8a,company.adult,available,51.95,98.53,high,low,7,spaceship,,,09/10/2026 00:04
961142da-d1f7-4441-8a96-9623e63474aa,business.shopping,premium,242,242,high,medium,8,namesilo,,,09/10/2026 07:41
a548533e-6beb-4390-8ace-346d9190b055,enterprise.ltd,resell,,,high,medium,10,Alibaba Cloud Computing Ltd. d/b/a HiChina (www.net.cn),21/06/2016 11:07,21/06/2027 11:07,10/10/2026 00:56
c717dc0a-16ee-42c3-b34c-3b2e660b700a,company.health,premium,6900,71.4,high,low,7,namesilo,,,09/10/2026 00:04
f43b37ab-a276-443f-899f-685c24f886f1,firm.biz,resell,,,high,low,4,"GoDaddy.com, LLC",01/05/2010 17:03,30/04/2027 23:59,09/10/2026 23:07
2f7b0096-7ebf-434f-8c2c-5ed42f77225a,organization.voto,available,10.55,55.93,high,low,12,spaceship,,,09/10/2026 20:57
3f0b73a2-1e51-41fa-a96a-8c4fd9fdea43,company.cash,resell,,,high,low,7,"Spaceship, Inc.",01/04/2021 22:45,01/04/2027 22:45,09/10/2026 00:04
e9d2cf0e-a3a5-405a-95d5-8031f24f8843,company.tech,premium,1375,5500,high,low,7,dynadot,,,09/10/2026 00:04
9b1eaaa1-611b-4dc5-9f46-f183876a9c4b,trade.cars,available,1999.99,2199,high,medium,5,namesilo,,,08/10/2026 16:34
0fc36e72-e201-46ad-86be-b3014cb8f9a4,enterprise.photo,available,26.26,26.26,high,medium,10,porkbun,,,10/10/2026 00:56
4c176448-a158-4d8f-a00f-fce5ecf9e1f7,organization.meme,premium,51.95,51.95,high,low,12,spaceship,,,09/10/2026 20:57
671ce215-65f0-488e-9ed4-d5f113f786f9,enterprise.fans,premium,65,130,high,medium,10,namecheap,,,10/10/2026 00:56
1d556a43-298c-447a-b988-6dc53eafe44f,enterprise.webcam,available,12.98,17.98,high,medium,10,namecheap,,,10/10/2026 00:56
a545e07e-bc7d-4ad3-ad93-156899f4bc2f,enterprise.rodeo,premium,218.86,11.44,high,medium,10,porkbun,,,10/10/2026 00:56
f8d633df-3727-4d12-83c7-4a5b8a3db781,organization.creditcard,available,144.99,144.99,high,low,12,namesilo,,,09/10/2026 20:57
76af7a82-39c8-407a-b9c6-73b3c587c642,enterprise.support,resell,38.94,38.94,high,medium,10,"GoDaddy.com, LLC",19/07/2026 00:00,19/07/2027 00:00,10/10/2026 00:56
0a792345-31d9-44db-84e5-9684764893f5,trade.sarl,resell,,,high,medium,5,"Spaceship, Inc.",08/05/2026 18:41,08/05/2027 18:41,08/10/2026 16:34
12f496ca-3b63-4552-9447-0e889d2b99c8,enterprise.makeup,premium,2183.84,2183.84,high,medium,10,porkbun,,,10/10/2026 00:56
c9e6cf68-b416-478e-9292-295eea49e1a2,organization.sarl,available,5.38,5.38,high,low,12,spaceship,,,09/10/2026 20:57
00aa631a-2d19-4179-acf7-02e2db97abb3,company.catering,premium,512,512,high,low,7,namesilo,,,09/10/2026 00:04
c7803901-db05-45ca-b99e-7bc8bde8e1a6,organization.villas,available,59.99,59.99,high,low,12,namesilo,,,09/10/2026 20:57
f7635e1f-435d-4f55-8030-ce4541b58f4a,company.men,premium,517.7,67.48,high,low,7,spaceship,,,09/10/2026 00:04
20c5bf55-f3c9-4be4-84d2-463d3f0b9cb7,organization.insure,available,72.99,72.99,high,low,12,namesilo,,,09/10/2026 20:57
29e6a627-7866-48ef-a547-5419d6ef11a0,organization.date,premium,310.7,103.7,high,low,12,spaceship,,,09/10/2026 20:57
4b6439ac-3029-43bf-bff9-bfa95544dd0f,enterprise.skin,premium,2070.2,2070.2,high,medium,10,spaceship,,,10/10/2026 00:56
3cdf81da-a85f-4e16-a565-a2b05a8b1d68,venture.holdings,resell,,,high,medium,7,"Spaceship, Inc.",06/02/2014 19:46,06/02/2027 19:46,08/10/2026 04:39
dbfd78f5-6807-46c2-a030-156dcb3a9ab3,organization.sbs,premium,68.43,147.2,high,low,12,namesilo,,,09/10/2026 20:57
143fc009-b2a4-48ca-84b2-278cc69d5ee2,company.mom,premium,672.95,672.95,high,low,7,spaceship,,,09/10/2026 00:04
fc84fe6f-45d4-444c-aaf6-bd9c24b38857,company.diy,premium,640,640,high,low,7,namesilo,,,09/10/2026 00:04
143d7c35-ca20-4002-82a8-580d51d10d4f,business.cfd,resell,,,high,medium,8,"NameCheap, Inc.",08/07/2022 20:20,08/07/2027 23:59,09/10/2026 07:41
98cc4cc2-53c8-4995-84a8-84ac6706a488,firm.sarl,available,5.2,5.2,high,low,4,cloudflare,,,09/10/2026 23:07
1dcf0a92-d2ea-4789-b8bc-9ae99599d373,company.how,premium,339.2,351.07,high,low,7,unstoppable,,,09/10/2026 00:04
9a585657-8bd3-4b17-8d88-f2e339ca5536,organization.democrat,available,5.57,5.57,high,low,12,dynadot,,,09/10/2026 20:57
ae599303-9935-4532-befa-3884113fdfdb,organization.equipment,available,22.97,22.97,high,low,12,spaceship,,,09/10/2026 20:57
dd718c9d-e3c7-47bd-a5ae-79903f08a3f1,trade.trading,premium,2587.7,2587.7,high,medium,5,spaceship,,,08/10/2026 16:34
262f5ed5-bda2-4980-ab81-0e61bd6049b9,business.blue,resell,,,high,medium,8,"Spaceship, Inc.",19/09/2019 10:07,19/09/2027 10:07,09/10/2026 07:41
aa872731-964d-4f77-8617-a2ee1d15825c,commerce.cfd,premium,68.43,147.2,high,low,8,namesilo,,,08/10/2026 06:17
ec7703ae-d08a-46ad-a0cf-c454e4debc49,company.express,resell,,,high,low,7,"GoDaddy.com, LLC",11/02/2020 13:22,11/02/2027 13:22,09/10/2026 00:04
dd2e38aa-86c9-42a3-b4fb-d2fd1d023d26,company.win,premium,362.45,51.95,high,low,7,spaceship,,,09/10/2026 00:04
b17a9ce8-62ba-4de6-8023-949389f380dc,commerce.xyz,resell,,,high,low,8,"GoDaddy.com, LLC",28/03/2019 02:20,28/03/2027 23:59,08/10/2026 06:17
51bdb002-b9b0-4756-8a70-76b2e95c9915,company.cv,premium,1339.98,8.85,high,low,7,namesilo,,,09/10/2026 00:04
883d6a3c-5b60-4637-858b-ef9e96019cf9,organization.viajes,available,94.98,124.48,high,low,12,namecheap,,,09/10/2026 20:57
34f2a566-b41a-4eff-9ff3-6e6c47f70dce,company.voting,available,978.6,978.6,high,low,7,dynadot,,,09/10/2026 00:04
af1695ac-bc66-4604-a173-2c2ac1e0df6d,commerce.ag,resell,,,high,low,8,"humbly, LLC",14/06/2026 07:16,14/06/2027 07:16,08/10/2026 06:17
df090daa-94f1-4b4e-921a-bcac19a00f9f,enterprise.tickets,available,401.47,401.47,high,medium,10,dynadot,,,10/10/2026 00:56
51e3f7e4-3f2d-4e0a-a4e1-20562835bf69,organization.luxe,available,19.49,19.49,high,low,12,namesilo,,,09/10/2026 20:57
cee567db-cb34-4cef-aa51-2c0e09f821ac,business.beer,resell,,,high,medium,8,"DNSPod, Inc.",12/06/2021 12:08,12/06/2027 12:08,09/10/2026 07:41
6cc97985-6e66-4a4d-a7ee-04eae4299e26,business.engineer,premium,1100,1100,high,medium,8,dynadot,,,09/10/2026 07:41
2832e560-55b2-424e-af21-b76aae684c00,company.talk,premium,517.7,517.7,high,low,7,spaceship,,,09/10/2026 00:04
7c6af68f-075f-4ac6-9cf1-61e3fa48c2b4,organization.family,premium,1000.5,1107,high,low,12,unstoppable,,,09/10/2026 20:57
4b698b59-4d87-42cc-b96b-6eda11d991cc,enterprise.srl,premium,54.28,30.68,high,medium,10,namesilo,,,10/10/2026 00:56
c0891343-4a0f-43fa-91a8-1ffe7a714b5c,business.gives,premium,78.54,78.54,high,medium,8,namesilo,,,09/10/2026 07:41
1004cca4-0e0b-4ede-a7a0-099087229e7e,organization.deals,available,31.25,31.25,high,low,12,spaceship,,,09/10/2026 20:57
51d048a1-7650-4edb-aa48-61e402d1f186,organization.study,premium,130,130,high,low,12,namecheap,,,09/10/2026 20:57
b63ec4bc-5c8c-4cf4-aa6c-de4ca6707028,organization.poker,available,52.2,52.2,high,low,12,cloudflare,,,09/10/2026 20:57
9908b672-1de3-4c83-8284-b926c3eee92d,organization.kaufen,available,23.94,23.94,high,low,12,spaceship,,,09/10/2026 20:57
4be7d629-a994-46c6-901e-bedf57ea1213,organization.audio,available,93.35,103.4,high,low,12,spaceship,,,09/10/2026 20:57
2eba6f08-e11c-47a6-952c-8db5577012b0,trade.qpon,premium,3450,23.54,high,medium,5,namesilo,,,08/10/2026 16:34
0f47c70b-0d8f-4484-ad97-64cc28c27333,company.watch,premium,414.2,414.2,high,low,7,spaceship,,,09/10/2026 00:04
32819cd9-f91d-42e8-aabf-b45c7c4a0945,trade.security,available,1999.99,2049.99,high,medium,5,namesilo,,,08/10/2026 16:34
de6d934b-2f29-4c8d-83f1-a2ba6915e233,organization.institute,available,9.99,32.99,high,low,12,namesilo,,,09/10/2026 20:57
1c9231d6-f697-4151-8b9a-e2bb1d58be7b,trade.reise,available,115.48,143.48,high,medium,5,namecheap,,,08/10/2026 16:34
23385ac9-1fbb-4750-a22f-73ac7feafff1,company.immo,premium,207.2,207.2,high,low,7,spaceship,,,09/10/2026 00:04
9a55dc6a-97e2-41dd-974d-029c8c935aa9,business.villas,premium,414.2,414.2,high,medium,8,spaceship,,,09/10/2026 07:41
1b6a4cc5-c93d-42ff-beb9-c5ae7823599e,company.tires,available,5.99,78.99,high,low,7,namesilo,,,09/10/2026 00:04
e686f108-49fa-448c-a155-75b7f03bcdb6,organization.cab,available,32.99,32.99,high,low,12,namesilo,,,09/10/2026 20:57
37c02faa-3066-40fd-bc48-3eb083219945,enterprise.melbourne,available,58,58,high,medium,10,namesilo,,,10/10/2026 00:56
a60d9d7b-ec3e-40b3-8a3c-af99a28ef03c,trade.gold,resell,,,high,medium,5,"Spaceship, Inc.",19/08/2018 19:49,19/08/2027 19:49,08/10/2026 16:34
08f94b1d-47cf-4ca9-8e57-4abadd061eca,company.university,premium,118.8,118.8,high,low,7,namesilo,,,09/10/2026 00:04
b0384a17-fb72-4b48-a9dc-1808367dc5a3,company.london,available,12.98,41.98,high,low,7,namecheap,,,09/10/2026 00:04
a5f04015-339a-414f-9499-ba80a5d67749,organization.bot,premium,110,110,high,low,12,dynadot,,,09/10/2026 20:57
8e3ca70c-9877-44f2-bf52-f43c39fffde0,business.dental,available,78.99,78.99,high,medium,8,namesilo,,,09/10/2026 07:41
d3dfb607-b0a4-4f24-86f0-5188578456c9,enterprise.men,premium,382.61,55.11,high,medium,10,porkbun,,,10/10/2026 00:56
f544018e-515b-472b-8b57-051217ad78f8,company.finance,premium,108.9,108.9,high,low,7,dynadot,,,09/10/2026 00:04
4458b4bf-0d2a-46d7-9449-1ac512b6a937,company.fashion,resell,,,high,low,7,"Spaceship, Inc.",10/03/2023 09:53,10/03/2027 09:53,09/10/2026 00:04
bb5af6dd-e6b3-4760-8608-d730aa127a75,organization.christmas,available,32.32,32.32,high,low,12,dynadot,,,09/10/2026 20:57
b5d83120-8c1e-4f1b-bebd-455b4b9a6933,organization.parts,available,8.78,35.53,high,low,12,dynadot,,,09/10/2026 20:57
d3bef3a6-3506-4001-994e-7bcf042f5e81,organization.limo,available,54.99,54.99,high,low,12,namesilo,,,09/10/2026 20:57
68f9159e-c0f0-48dd-8fdc-582827994278,organization.productions,available,10.99,40.49,high,low,12,namesilo,,,09/10/2026 20:57
56082504-f0c1-4ce0-962e-1c0ce777fcad,company.film,premium,242,242,high,low,7,namesilo,,,09/10/2026 00:04
b10d4a94-d683-4313-8893-34b6232194fb,organization.solutions,premium,242,242,high,low,12,namesilo,,,09/10/2026 20:57
a4b13373-f07f-4b59-b661-fd8cf6e65374,organization.ing,premium,350.2,362.45,high,low,12,unstoppable,,,09/10/2026 20:57
d46fd0b1-32cf-4031-ba08-fb8e5d15a914,company.net,resell,,,high,low,7,Dynadot Inc,03/08/1995 04:00,02/08/2027 04:00,09/10/2026 00:04
cc4a75f1-d6d6-44ab-8fb3-9b034749527d,business.cards,resell,,,high,medium,8,"GoDaddy.com, LLC",15/10/2015 11:21,15/10/2027 11:21,09/10/2026 07:41
800d0d4a-7672-4d88-a4aa-f80c39407446,business.car,available,1999.99,2199,high,medium,8,namesilo,,,09/10/2026 07:41
ef0a2dff-f038-4ba2-9751-893a500a86f3,organization.pub,available,39.99,39.99,high,low,12,namesilo,,,09/10/2026 20:57
860e6dbc-2361-4be3-b632-9ef0565f336b,organization.today,resell,2.27,22.97,high,low,12,"Spaceship, Inc.",28/09/2026 19:39,28/09/2027 19:39,09/10/2026 20:57
b355f4b3-d15d-4c9f-ac89-5df13deadef1,business.sucks,premium,2198.9,2198.9,high,medium,8,dynadot,,,09/10/2026 07:41
89d4df13-a3aa-4206-9498-7d80bd992919,business.photography,premium,242,242,high,medium,8,namesilo,,,09/10/2026 07:41
4738aae4-12aa-455f-aebb-c557feee5bc6,organization.broker,available,10.55,29.18,high,low,12,spaceship,,,09/10/2026 20:57
ca9ea93e-8037-4882-8e54-5fdb00028280,company.futbol,available,13.2,13.2,high,low,7,cloudflare,,,09/10/2026 00:04
0a26e374-8a52-4662-bfed-eec563913b3c,company.club,premium,5500,15.96,high,low,7,dynadot,,,09/10/2026 00:04
870cd352-56b1-41b9-91a7-a2f00807a990,company.onl,premium,53.92,116,high,low,7,namesilo,,,09/10/2026 00:04
26fc13c1-e490-4fd0-b1d0-46484aa4a9a7,organization.promo,available,13.5,19.87,high,low,12,unstoppable,,,09/10/2026 20:57
9623e2c9-4b15-4baf-b33c-079d240fc2a4,company.kids,premium,384,21.24,high,low,7,namesilo,,,09/10/2026 00:04
f2588ea8-082e-4198-80c5-099f3a2b1b26,company.immobilien,available,37.99,37.99,high,low,7,namesilo,,,09/10/2026 00:04
e6239746-7cca-48eb-bf91-554397a12543,organization.express,available,9.31,35.53,high,low,12,dynadot,,,09/10/2026 20:57
f94da3de-05b3-41a8-8e85-2df9d6545e5c,business.law,resell,,,high,medium,8,"GoDaddy.com, LLC",14/08/2020 09:01,14/08/2027 09:01,09/10/2026 07:41
e2899ab5-4dea-4806-ac77-6fb2a6122a4d,business.boutique,resell,,,high,medium,8,"Sav.com, LLC - 10",09/07/2023 15:15,09/07/2027 15:15,09/10/2026 07:41
7d97b529-8905-4689-bb13-88ee9aa65dad,trade.poker,premium,78.54,78.54,high,medium,5,namesilo,,,08/10/2026 16:34
29d988e2-75de-4690-b5e2-425f93c63174,enterprise.zip,premium,64.93,64.93,high,medium,10,porkbun,,,10/10/2026 00:56
a84cbb72-c5d4-4457-9372-832744ba3003,enterprise.global,premium,3312,53.92,high,medium,10,namesilo,,,10/10/2026 00:56
b46199c6-da5d-4ad1-9a8d-6d86b0f252fb,commerce.deal,premium,500.5,517.7,high,low,8,unstoppable,,,08/10/2026 06:17
ce5b1ce3-1b8e-4b48-b689-eaeca814df15,business.ngo,available,15.2,15.2,high,medium,8,cloudflare,,,09/10/2026 07:41
1508392e-4f93-4b1b-921e-dd0f73bbfcd9,organization.london,available,31.99,31.99,high,low,12,namesilo,,,09/10/2026 20:57
873dd99f-232c-4177-a464-45ded3ac26dd,company.host,premium,640,640,high,low,7,namesilo,,,09/10/2026 00:04
998d700f-c357-48c3-b968-4e32df0777a5,trade.zip,premium,516.67,516.67,high,medium,5,spaceship,,,08/10/2026 16:34
70fc6538-d8f5-4c31-88ce-f028c9d49d7b,trade.paris,available,14.6,38.57,high,medium,5,dynadot,,,08/10/2026 16:34
2acfef92-3080-4307-b93e-f389ef292473,business.health,resell,,,high,medium,8,DotHealth LLC,30/07/2024 16:09,30/07/2027 16:09,09/10/2026 07:41
e6addf8a-e123-4f4d-8b3e-763285aeeb03,organization.charity,available,14.99,23.99,high,low,12,namesilo,,,09/10/2026 20:57
3daeee01-92ae-4b8e-9de0-405318c1fbce,trade.sexy,premium,13800,13800,high,medium,5,namesilo,,,08/10/2026 16:34
d972ca3d-0b13-4143-8fc0-41982257ac6a,enterprise.poker,premium,68.51,68.51,high,medium,10,spaceship,,,10/10/2026 00:56
be55be4f-dc08-4470-9f37-6e2854021819,organization.theater,available,10.81,52.01,high,low,12,porkbun,,,09/10/2026 20:57
4673bb65-987d-4920-90fa-ac7a2a26b428,enterprise.baby,available,17.99,54.99,high,medium,10,namesilo,,,10/10/2026 00:56
3b5b1c3a-5a74-422b-8d31-5924191b221f,company.rich,available,94.99,1999,high,low,7,namesilo,,,09/10/2026 00:04
6d30381f-ede2-4154-8d9c-3481f230af0d,enterprise.study,premium,207.2,207.2,high,medium,10,spaceship,,,10/10/2026 00:56
b16fa5eb-6590-45ab-a1b5-8b49f2132e32,corporation.sarl,available,5.38,5.38,high,low,11,spaceship,,,27/09/2026 16:41
f3a18fdc-cb59-4edb-a439-27e24adbf908,organization.fm,premium,249.6,102,high,low,12,namesilo,,,09/10/2026 20:57
e1cfc1e0-8921-4f40-8c1c-a7ecab5ed31c,business.bid,resell,,,high,medium,8,Dynadot Inc,26/07/2019 14:26,26/07/2027 14:26,09/10/2026 07:41
90f3bcd1-f87a-4e48-9810-8ade7403e3c3,firm.vana,available,2298,2498,high,low,4,namecheap,,,09/10/2026 23:07
496abeee-f210-4c35-9538-0078ea44edee,organization.rodeo,premium,854,11.8,high,low,12,namesilo,,,09/10/2026 20:57
4580782c-7f10-4d2b-9957-d39a201ad125,business.vin,premium,66.5,78.54,high,medium,8,unstoppable,,,09/10/2026 07:41
100faa5b-5fe7-4091-bea5-fee6ea926613,business.channel,premium,1298.7,1298.7,high,medium,8,namecheap,,,09/10/2026 07:41
162bac06-2810-4f1c-bc3d-0c90a23e0ceb,company.ceo,premium,413.37,413.37,high,low,7,spaceship,,,09/10/2026 00:04
6c59c498-94eb-4527-b5dd-c3aaba3879f3,business.phd,premium,1299.2,1344.67,high,medium,8,unstoppable,,,09/10/2026 07:41
5176c855-e6a6-4984-8426-918ab5787cfc,commerce.melbourne,available,58,58,high,low,8,namesilo,,,08/10/2026 06:17
9f041c18-1d3b-44d8-a660-f5b31dcb6d59,enterprise.luxe,premium,2660,17.7,high,medium,10,namesilo,,,10/10/2026 00:56
5b1f74e9-0e60-4097-8762-4a5327648f65,company.productions,premium,260,260,high,low,7,namecheap,,,09/10/2026 00:04
4cc9fe30-62e1-4793-aa67-9dff82b23a0d,company.moi,premium,750.5,960,high,low,7,unstoppable,,,09/10/2026 00:04
065bb467-3b14-46b3-98ce-ae303c8afd96,company.lifestyle,premium,455,650,high,low,7,namecheap,,,09/10/2026 00:04
01009f25-684b-4b93-91c2-b48a4dbe8713,commerce.sbs,premium,59.71,119.23,high,low,8,spaceship,,,08/10/2026 06:17
5f4f42da-a7dd-44f7-8556-41a1ee93076e,firm.engineering,available,16,51.95,high,low,4,unstoppable,,,09/10/2026 23:07
c33c0ecc-45e5-4276-805c-476ec629dc3f,company.viajes,available,35.18,35.18,high,low,7,spaceship,,,09/10/2026 00:04
ddc32d3e-6959-4bc0-8d5b-102437136c33,company.gg,resell,,,high,low,7,"humbly, LLC (http://park.io)",,,09/10/2026 00:04
cd95978b-0ffd-4ca3-a1eb-688e87b84347,enterprise.cfd,premium,310.7,621.2,high,medium,10,spaceship,,,10/10/2026 00:56
076e36ba-2f89-4ea8-9639-a893b12d3e40,organization.talk,premium,62.3,62.3,high,low,12,spaceship,,,09/10/2026 20:57
68570fd1-4f65-418c-8451-ffaee452c965,enterprise.spot,premium,103.7,103.7,high,medium,10,spaceship,,,10/10/2026 00:56
75a8377c-67fe-4113-a434-1b6aeb548c69,company.recipes,available,4.86,62.3,high,low,7,spaceship,,,09/10/2026 00:04
9ae00a3f-faba-4c1f-8c41-d63c62a3ccad,organization.press,available,4.63,64.37,high,low,12,porkbun,,,09/10/2026 20:57
d258012f-fdab-4ebf-b722-94bd9aedcc90,organization.solar,available,50.2,50.2,high,low,12,cloudflare,,,09/10/2026 20:57
a9f7f2af-b0b8-450a-a157-51d3355bd833,business.observer,premium,1035.2,1035.2,high,medium,8,spaceship,,,09/10/2026 07:41
0ae5c75b-8112-4c13-b4ff-5785f9a2e51c,company.dad,premium,516.67,516.67,high,low,7,spaceship,,,09/10/2026 00:04
704a1df8-0866-4b51-8f46-6850691275d4,organization.rehab,available,36.99,36.99,high,low,12,namesilo,,,09/10/2026 20:57
8066c882-9256-44ff-8d76-1fbd5f3961ad,organization.life,resell,,,high,low,12,Squarespace Domains II LLC,09/01/2022 12:39,09/01/2027 12:39,09/10/2026 20:57
75e7e67d-3908-4706-97af-49aeafced3b3,trade.builders,resell,,,high,medium,5,Dynadot Inc,25/01/2026 17:00,25/01/2027 17:00,08/10/2026 16:34
25b29988-17ba-4669-beda-bd460df33621,company.family,premium,512,512,high,low,7,namesilo,,,09/10/2026 00:04
92115efd-ce80-4cae-94a3-42cc86e4be82,business.farm,resell,,,high,medium,8,"GoDaddy.com, LLC",20/04/2014 22:12,20/04/2027 22:12,09/10/2026 07:41
81ac43ac-dbbd-4f00-b539-fe8bb056e824,trade.phd,premium,340.72,340.72,high,medium,5,spaceship,,,08/10/2026 16:34
2b15b49a-5bbf-43e7-89e0-739c3675ba57,business.rent,premium,550,550,high,medium,8,dynadot,,,09/10/2026 07:41
df89dfb1-fedc-4401-94cd-da1ef0804352,company.lighting,available,23.99,23.99,high,low,7,namesilo,,,09/10/2026 00:04
e705af92-ec99-4fc6-a157-1cd37836ef2b,company.blue,resell,,,high,low,7,Squarespace Domains II LLC,13/07/2018 07:36,13/07/2028 07:36,09/10/2026 00:04
ca5ee1d3-e2e4-4cc4-aab3-69aa6cc6f89a,business.nexus,premium,1034.17,1034.17,high,medium,8,spaceship,,,09/10/2026 07:41
ec5bb6c5-1aef-47b9-9082-0b5daf039bc0,company.moda,available,32.2,32.2,high,low,7,cloudflare,,,09/10/2026 00:04
f98a4512-7499-4eaa-b188-232847662944,organization.build,premium,1650,1650,high,low,12,dynadot,,,09/10/2026 20:57
bccb96f7-ed9a-4a64-af0a-88b976ff2228,commerce.promo,available,14.49,24.99,high,low,8,namesilo,,,08/10/2026 06:17
6c727ecf-1552-4ca2-abef-e89a8659df24,trade.airforce,available,103.99,103.99,high,medium,5,namesilo,,,08/10/2026 16:34
c77b0ac4-02ac-414c-93e6-6ba5bfa406c4,trade.stream,resell,,,high,medium,5,Dynadot Inc,08/11/2023 21:20,08/11/2027 21:20,08/10/2026 16:34
92366daa-ffba-4e51-9a70-746924553c81,company.shiksha,available,10.55,41.6,high,low,7,spaceship,,,09/10/2026 00:04
6143b408-b4cd-4dc2-9ee4-67d1ee7e93ba,trade.garden,premium,854,29.5,high,medium,5,namesilo,,,08/10/2026 16:34
9f3b69fa-e8f6-4471-9bd2-e044194caa61,trade.shop,premium,10350.2,10350.2,high,medium,5,spaceship,,,08/10/2026 16:34
42b034fc-ac7c-4108-b63f-d72404aa79e4,market.llc,premium,2660,2660,high,medium,6,namesilo,,,19/09/2026 13:41
05fab231-7711-4471-802a-06c815b29dc9,company.maison,available,45.74,45.74,high,low,7,spaceship,,,09/10/2026 00:04
aa237d0f-eef8-4ab9-bf33-95f3b8e2be87,organization.net,resell,,,high,low,12,"NameCheap, Inc.",10/06/1997 04:00,09/06/2027 04:00,09/10/2026 20:57
3263cfaf-fd08-4961-b0c9-62bc6183b68c,organization.men,available,4.32,5.35,high,low,12,spaceship,,,09/10/2026 20:57
49bbecda-eb08-4aba-a20e-4ddd597426f2,firm.barcelona,available,25.04,25.04,high,low,4,spaceship,,,09/10/2026 23:07
4241a979-45d4-4f32-b7d0-26b193715e4c,organization.supply,available,20.2,20.2,high,low,12,cloudflare,,,09/10/2026 20:57
13ca1d37-7edc-457f-8f13-43fb7e5f5be9,commerce.cv,premium,1309.75,9.75,high,low,8,namecheap,,,08/10/2026 06:17
f0d1b130-deb6-48fa-9470-ca7d32952f62,startup.llc,premium,2660,2660,high,medium,7,namesilo,,,10/10/2026 01:06
93f5c112-9f97-4562-8480-be4969c6fdfd,commerce.systems,resell,,,high,low,8,Edomains LLC,27/03/2019 17:40,27/03/2027 17:40,08/10/2026 06:17
0ad75e2f-145d-4057-95cd-923aa7305492,company.tickets,available,326.21,388.33,high,low,7,spaceship,,,09/10/2026 00:04
cffd3306-10f0-4fea-803b-4cecbb08fc04,company.cloud,premium,2587.7,5175.2,high,low,7,spaceship,,,09/10/2026 00:04
4d713a9d-a681-4b5b-911d-845a0e2db221,commerce.immo,premium,242,242,high,low,8,namesilo,,,08/10/2026 06:17
7e6aac3b-c821-44f4-8a8c-2e28fd6d2253,company.mortgage,premium,242,242,high,low,7,namesilo,,,09/10/2026 00:04
4f4e3af0-4edd-4651-b157-890e06460264,company.online,premium,13800,13800,high,low,7,namesilo,,,09/10/2026 00:04
de973e03-b5c8-4496-9f7d-08b734802037,company.xyz,resell,,,high,low,7,Squarespace Domains II LLC,08/07/2022 09:18,08/07/2031 23:59,09/10/2026 00:04
4826de98-9fca-4e7c-928f-bc4eb509e114,business.gripe,premium,68.51,68.51,high,medium,8,spaceship,,,09/10/2026 07:41
44799a3c-a31f-44c4-a46b-d6914523627e,business.forum,resell,,,high,medium,8,NAMECHEAP,03/08/2026 16:27,03/08/2028 16:27,09/10/2026 07:41
92a781de-c7a2-40b1-90f6-6ccc7cc6ed8a,market.holdings,resell,,,high,medium,6,"Spaceship, Inc.",17/02/2026 17:03,17/02/2027 17:03,26/09/2026 07:26
91f7d2a1-2ed4-4404-a4ec-493697f0f2b6,corporation.global,premium,3120,65,high,low,11,namecheap,,,27/09/2026 16:41
a854afbe-5acd-492d-ac3f-5487ab038d56,organization.company,available,16.76,16.76,high,low,12,spaceship,,,09/10/2026 20:57
f8c39cf6-7f3a-4cf0-a5cf-e04c35cd8055,enterprise.vana,available,2070.2,2070.2,high,medium,10,spaceship,,,10/10/2026 00:56
bca960a7-a780-47c0-829c-5c37098aec5b,organization.style,available,16.99,38.99,high,low,12,namesilo,,,09/10/2026 20:57
13c99ee1-c1b3-4b42-8bf6-732666e9ddb2,business.voyage,premium,108.9,108.9,high,medium,8,dynadot,,,09/10/2026 07:41
3e190409-4ac3-4214-9443-46190d43a2dd,company.meme,premium,362.45,362.45,high,low,7,spaceship,,,09/10/2026 00:04
06420dc2-4701-4dd2-937d-5418f3424ac7,organization.plus,available,4.98,79.98,high,low,12,namecheap,,,09/10/2026 20:57
acda495f-2b16-46eb-846f-2f0fb223fdee,trade.discount,premium,68.51,68.51,high,medium,5,spaceship,,,08/10/2026 16:34
73e5744c-9c39-40e2-9bc2-19177d50dc22,trade.living,premium,640,640,high,medium,5,namesilo,,,08/10/2026 16:34
13eed37b-9b73-44d1-b81b-0089f88bedc2,firm.store,premium,325,1300,high,low,4,namecheap,,,09/10/2026 23:07
f22791ef-8c80-4195-aee5-c4418fc705ba,company.deal,premium,640,640,high,low,7,namesilo,,,09/10/2026 00:04
32382509-047a-46ed-af83-e8fdeb4ad8b0,commerce.discount,available,30.99,30.99,high,low,8,namesilo,,,08/10/2026 06:17
f3b12f6e-3887-49b6-8e5f-93d9723a9572,company.claims,premium,118.8,118.8,high,low,7,namesilo,,,09/10/2026 00:04
5ed67c14-c72c-47e3-9113-f8e63a127c66,organization.ryukyu,available,17.98,22.98,high,low,12,namecheap,,,09/10/2026 20:57
70bde9fb-1c96-4c39-ab84-3d0386c35554,organization.tips,available,24.2,24.2,high,low,12,cloudflare,,,09/10/2026 20:57
d4b15b93-ce52-4bf7-b513-f6c32d5a0fc9,company.ski,available,20.9,51.95,high,low,7,spaceship,,,09/10/2026 00:04
0c3a3537-789b-4d0a-af3a-32a8d46b36d0,trade.blue,resell,,,high,medium,5,"DNSPod, Inc.",25/12/2022 15:15,25/12/2026 15:15,08/10/2026 16:34
f5155578-1beb-4843-ad92-a388a2bdc226,organization.restaurant,available,20,91.98,high,low,12,unstoppable,,,09/10/2026 20:57
725fc849-51a2-4ed3-b647-628f9006ee2d,business.stream,premium,3450,116,high,medium,8,namesilo,,,09/10/2026 07:41
98d4d351-4a0c-4a7e-b821-985c245e5cc7,organization.us,resell,,,high,low,12,"Global Domains International, Inc. DBA DomainCostClub.com",24/04/2002 14:10,23/04/2028 23:59,09/10/2026 20:57
fc4868e9-7209-4b94-8b3e-e68d697aba94,company.icu,premium,384,768,high,low,7,namesilo,,,09/10/2026 00:04
7da68dc2-52ad-4a8f-98e0-0d2d61d44ef5,business.jewelry,available,64.99,64.99,high,medium,8,namesilo,,,09/10/2026 07:41
876c1152-2733-4ab2-8499-9b364e463418,organization.contractors,available,28.15,28.15,high,low,12,spaceship,,,09/10/2026 20:57
2c2a055a-b816-47eb-bcae-99f5b79eea5a,trade.dating,premium,118.8,118.8,high,medium,5,namesilo,,,08/10/2026 16:34
c121dfbf-345e-40a4-9c50-1c4198314be5,company.digital,resell,,,high,low,7,"Spaceship, Inc.",27/11/2021 13:15,27/11/2027 13:15,09/10/2026 00:04
6a5dbbd9-b415-48bf-af9f-61f5ffe8356c,firm.hamburg,available,69.98,73.98,high,low,4,namecheap,,,09/10/2026 23:07
ad5aa739-3e3c-41c4-810c-b0c273a1e9d4,organization.discount,available,23.2,23.2,high,low,12,cloudflare,,,09/10/2026 20:57
ce477520-d784-4d1f-8ea8-ac10decaf9b9,business.pet,premium,3450,3450,high,medium,8,namesilo,,,09/10/2026 07:41
b2715f1e-1cd6-4161-ada9-a55cf0e53d14,organization.gallery,available,22.97,22.97,high,low,12,spaceship,,,09/10/2026 20:57
4aee9133-adfe-4356-83f8-d9c646beec84,business.hot,premium,500.5,517.7,high,medium,8,unstoppable,,,09/10/2026 07:41
9d451215-6f48-41e4-b056-69bdcc7b3e0d,commerce.hockey,available,61,72.98,high,low,8,unstoppable,,,08/10/2026 06:17
8ac2b415-0687-4c29-b365-6987b2e4d41a,organization.shopping,available,26.99,26.99,high,low,12,namesilo,,,09/10/2026 20:57
3c0af02a-e84d-4157-882d-721ef7d7b96e,organization.party,premium,1107,116,high,low,12,namesilo,,,09/10/2026 20:57
158e502c-ad9a-4cbf-b758-10723cd88f2c,organization.holiday,available,50.2,50.2,high,low,12,cloudflare,,,09/10/2026 20:57
14ef5d15-f135-409d-b1b7-073fd8ca0080,company.army,premium,440,440,high,low,7,dynadot,,,09/10/2026 00:04
d2e0444f-0a5f-4613-b425-4cf517162f1c,commerce.gallery,available,28.99,28.99,high,low,8,namesilo,,,08/10/2026 06:17
4bbb9667-da69-4fce-ac56-662faf0f35a0,business.pub,resell,,,high,medium,8,"Sav.com, LLC",23/01/2015 10:59,23/01/2027 10:59,09/10/2026 07:41
72610efe-d5eb-4eed-8aa7-98d5551ca4e3,trade.industries,premium,220,220,high,medium,5,dynadot,,,08/10/2026 16:34
ee770f05-80b2-4da3-8786-174d0e550448,organization.boutique,available,25.2,25.2,high,low,12,cloudflare,,,09/10/2026 20:57
5400f4fd-7a30-4574-b2bf-3fff0aefb06a,company.fans,premium,116,116,high,low,7,namesilo,,,09/10/2026 00:04
39d4032a-9c5a-4270-a73d-73befc286c2b,business.ski,premium,2500.5,2750,high,medium,8,unstoppable,,,09/10/2026 07:41
9e1d9676-9348-427b-a7e7-4a97833de031,company.mov,premium,249.2,257.92,high,low,7,unstoppable,,,09/10/2026 00:04
4d673808-5f80-410c-907d-b362caec54f8,industry.fund,resell,,,high,medium,8,"Sav.com, LLC - 24",20/06/2023 15:15,20/06/2027 15:15,09/10/2026 01:06
1d57583e-6cd2-47b7-a685-bbfdb9c08cea,firm.vegas,available,18.99,43.99,high,low,4,namesilo,,,09/10/2026 23:07
b5092c9a-e787-4dbd-8910-98290b4775ce,company.discount,premium,854,854,high,low,7,namesilo,,,09/10/2026 00:04
3fd4b693-09d6-44b4-9f40-24d15742843f,organization.pics,available,1.99,32.49,high,low,12,namesilo,,,09/10/2026 20:57
657fdfc8-1f20-46b4-8f1b-5e4686bd5d0b,company.fan,premium,102.67,102.67,high,low,7,spaceship,,,09/10/2026 00:04
5929206e-9157-4006-96c8-2965970fa1ea,organization.dentist,available,50.2,50.2,high,low,12,cloudflare,,,09/10/2026 20:57
e02cac62-53e2-4283-9ec3-6a427f6dfc83,trade.pink,resell,31.48,,high,medium,5,"GoDaddy.com, LLC",02/01/2026 20:44,02/01/2027 20:44,08/10/2026 16:34
671e0806-42a8-45d1-bd3b-64ceb69cc3dd,enterprise.cv,premium,558.25,74.25,high,medium,10,dynadot,,,10/10/2026 00:56
ebc74d5e-3638-4145-a2ab-8912e1c3f9f7,trade.run,resell,,,high,medium,5,"DNSPod, Inc.",31/01/2026 15:15,31/01/2028 15:15,08/10/2026 16:34
953df325-328b-48c9-af69-c4705048ac51,company.vip,resell,,,high,low,7,"eName Technology Co., Ltd.",17/05/2016 16:00,17/05/2027 16:00,09/10/2026 00:04
89776c6c-1968-42bf-a4bf-fca1fabadd34,company.gold,resell,,,high,low,7,"DNSPod, Inc.",10/04/2018 07:44,10/04/2027 07:44,09/10/2026 00:04
eda3c5c1-996a-495b-b35f-27e751ebe71f,enterprise.hiphop,available,25.98,33.98,high,medium,10,namecheap,,,10/10/2026 00:56
9a49f476-da94-45c2-be58-94b2c9c745f3,trade.band,premium,118.8,118.8,high,medium,5,namesilo,,,08/10/2026 16:34
6b8fecbb-8daa-4a92-8a75-16b31f186711,organization.cooking,available,33.98,43.98,high,low,12,namecheap,,,09/10/2026 20:57
7c6db29e-aeaa-4a6a-8b68-aea4c66bfcec,trade.sale,premium,414.2,414.2,high,medium,5,spaceship,,,08/10/2026 16:34
f2694ea8-d188-48ed-acb4-1d3fb9fa7c3e,corporation.store,premium,1107,1107,high,low,11,namesilo,,,27/09/2026 16:41
c6f12c5d-a115-4c0c-9849-4ed92d394a63,organization.digital,resell,,,high,low,12,"Sav.com, LLC - 9",02/08/2026 15:15,02/08/2027 15:15,09/10/2026 20:57
d6b99d8c-4687-4c04-a774-21df9bc1b94a,commerce.day,premium,249.2,257.92,high,low,8,unstoppable,,,08/10/2026 06:17
a38f9c56-4e58-4eab-b6ec-23a1c931d654,company.vet,available,32.2,32.2,high,low,7,cloudflare,,,09/10/2026 00:04
417806a5-69a8-4459-ba5e-c547dfd37259,company.charity,premium,242,242,high,low,7,namesilo,,,09/10/2026 00:04
0f2d929c-73f8-4307-8488-0cb683a2dff2,trade.tickets,available,359.99,488.88,high,medium,5,namesilo,,,08/10/2026 16:34
d008b554-4792-4853-9081-7e82d97237fc,company.global,premium,4140.2,51.95,high,low,7,spaceship,,,09/10/2026 00:04
ceec0a85-7cb5-4c2e-927d-fbe18a505a4a,trade.villas,premium,512,512,high,medium,5,namesilo,,,08/10/2026 16:34
2a50c6c6-da90-405b-9250-9dc9d51707c8,trade.luxe,premium,854,17.7,high,medium,5,namesilo,,,08/10/2026 16:34
5d6bc5b9-b9ac-4f06-8e85-3726f0a911ea,commerce.doctor,available,90.2,90.2,high,low,8,cloudflare,,,08/10/2026 06:17
3f3c62dc-98c3-4d26-957e-dfbad3b7577f,commerce.pink,available,14.49,25.99,high,low,8,namesilo,,,08/10/2026 06:17
cc36a00b-d0cb-4065-9a9f-31adb2582ed4,business.uno,premium,5175.2,5175.2,high,medium,8,spaceship,,,09/10/2026 07:41
63e80159-2b7b-46d2-84ee-0af1ea3e5299,commerce.ventures,resell,,,high,low,8,"Spaceship, Inc.",20/06/2026 14:53,20/06/2027 14:53,08/10/2026 06:17
b5f6ae60-ed0e-4aef-931c-6debe36574d7,organization.nyc,available,31.99,31.99,high,low,12,namesilo,,,09/10/2026 20:57
8599d11d-f130-4920-8781-bba502780545,organization.flights,available,58.99,58.99,high,low,12,namesilo,,,09/10/2026 20:57
fb66da3a-bc30-4d94-8377-516c9b104adc,trade.rentals,premium,102.67,102.67,high,medium,5,spaceship,,,08/10/2026 16:34
9e25a183-3e92-4e90-b30c-044f5b71bb08,commerce.casa,premium,41.6,10.55,high,low,8,spaceship,,,08/10/2026 06:17
5f4918ed-bb07-46b7-ba40-1479e716f308,enterprise.rsvp,premium,545.26,545.26,high,medium,10,porkbun,,,10/10/2026 00:56
72074f22-7dd2-4b69-a50f-a24a43117737,organization.video,premium,109.53,218.86,high,low,12,porkbun,,,09/10/2026 20:57
20ce89b8-f60a-4409-bfcf-46415d62575f,company.ink,premium,103.7,103.7,high,low,7,spaceship,,,09/10/2026 00:04
02cbff8f-d3c5-42c1-ae8f-23c336a16f36,organization.ski,available,27.99,64.99,high,low,12,namesilo,,,09/10/2026 20:57
ccaa2c94-513b-42b7-9a5d-85e3e5ddc30f,organization.lawyer,premium,3105.2,3105.2,high,low,12,spaceship,,,09/10/2026 20:57
155e69db-75f2-4aff-bf03-e2a3c35ee956,commerce.ski,available,39.99,111.99,high,low,8,godaddy,,,08/10/2026 06:17
037b0281-f70b-4089-9163-0b815ead6a68,enterprise.locker,available,5.68,31.25,high,medium,10,spaceship,,,10/10/2026 00:56
b5ea35d9-f4a9-49c7-9ec7-7692c2d55823,organization.gift,available,14.99,14.99,high,low,12,namesilo,,,09/10/2026 20:57
231d740b-4d1d-4441-b6b4-166e569c8797,firm.gmbh,available,35.2,35.2,high,low,4,cloudflare,,,09/10/2026 23:07
124a6cda-b653-463d-aff7-a662cbd41cff,organization.dad,premium,30.22,30.22,high,low,12,spaceship,,,09/10/2026 20:57
e6cf9fd3-a7cf-445a-9ecb-e19081873639,trade.ceo,premium,510.98,510.98,high,medium,5,namesilo,,,08/10/2026 16:34
c3ce22bf-fc59-4a35-b9ae-205125e37dc9,manager.industries,available,45.99,45.99,high,low,7,namesilo,,,24/09/2026 16:11
81414ff5-6f48-4fa0-9fad-2c25b1c55b35,trade.dad,premium,257.92,257.92,high,medium,5,spaceship,,,08/10/2026 16:34
470f6e9d-adae-48f6-8db1-a5841a2e1e2d,enterprise.protection,available,2064.2,2064.2,high,medium,10,spaceship,,,10/10/2026 00:56
936da178-fd48-43d2-b7c0-273a35b2d8e2,enterprise.wedding,available,25.2,25.2,high,medium,10,cloudflare,,,10/10/2026 00:56
bbd1363b-35fa-419f-9e24-9c1cc66314ee,organization.pink,available,14.49,25.99,high,low,12,namesilo,,,09/10/2026 20:57
50726c07-a26c-4e1c-bca2-386f22d1f08c,commerce.hiv,available,195.99,195.99,high,low,8,namesilo,,,08/10/2026 06:17
5bd5a047-d037-43a8-af0f-11672fd0af1c,trade.degree,premium,242,242,high,medium,5,namesilo,,,08/10/2026 16:34
8d75bf5e-a9eb-4ee8-a656-a69b1b3944f5,enterprise.homes,resell,,,high,medium,10,"Global Domains International, Inc. DBA DomainCostClub.com",14/06/2021 16:32,14/06/2027 23:59,10/10/2026 00:56
a6ff776e-27b6-43f0-b7b5-dc60bb6fbc63,company.studio,premium,103.7,207.2,high,low,7,spaceship,,,09/10/2026 00:04
2dbce48e-0ce4-4d09-bb4b-4aafa381d76c,business.cam,resell,,,high,medium,8,"Spaceship, Inc.",14/12/2016 10:00,14/12/2026 23:59,09/10/2026 07:41
09b44f58-6831-409e-bda7-d3bfd7ee8089,firm.immo,available,34.99,34.99,high,low,4,namesilo,,,09/10/2026 23:07
ef569f40-9849-4b54-8e7d-62efd5b54eaf,organization.estate,available,15,30.2,high,low,12,unstoppable,,,09/10/2026 20:57
294a3a49-7463-4fe5-aebf-74de958ac9b8,company.casino,available,7.71,148.95,high,low,7,dynadot,,,09/10/2026 00:04
47bccc31-0d61-43a1-8dfc-469b954d99a4,company.show,resell,,,high,low,7,"DNSPod, Inc.",28/05/2018 10:05,28/05/2027 10:05,09/10/2026 00:04
f19806b8-44ed-4fbc-b44d-c97c5f65c478,firm.market,premium,,,high,low,4,,,,09/10/2026 23:07
44d6a561-4938-4638-a106-e15a88579333,commerce.gives,available,14.99,23.99,high,low,8,namesilo,,,08/10/2026 06:17
44fe7c0e-39c4-4053-967f-9ad11ad68f97,business.moda,premium,118.8,118.8,high,medium,8,namesilo,,,09/10/2026 07:41
12b14517-bc18-4144-8d68-62e093c3ead7,company.you,premium,550,550,high,low,7,dynadot,,,09/10/2026 00:04
9f3952a5-fca2-4fc6-b5d2-8ce630e65c28,organization.legal,available,71.99,71.99,high,low,12,namesilo,,,09/10/2026 20:57
3101cc05-1d58-4fd3-bfc3-3de38782e9c0,trade.place,resell,,,high,medium,5,"Sav.com, LLC",28/09/2023 19:16,28/09/2027 19:16,08/10/2026 16:34
cc1c91e4-1a43-49a3-ad9a-35fdecbd1020,organization.vodka,available,32.49,32.49,high,low,12,namesilo,,,09/10/2026 20:57
9e8a6cfb-8ec0-4d72-8c1e-4804a668335d,trade.forsale,premium,,,high,medium,5,,,,08/10/2026 16:34
b69261b7-91b9-4355-917c-6ff0a6203d8c,organization.nexus,premium,37.7,37.7,high,low,12,namecheap,,,09/10/2026 20:57
99e67b32-1833-4a3a-8301-9cb42f61231b,commerce.info,resell,,,high,low,8,"NameSilo, LLC",01/08/2001 16:35,01/08/2027 16:35,08/10/2026 06:17
45a4d22d-2270-4a43-9add-be1a5c7954ac,company.dentist,premium,220,220,high,low,7,dynadot,,,09/10/2026 00:04
d1dcbae1-1255-420f-9ad5-11b83ca12b9d,corporation.holdings,premium,118.8,118.8,high,low,11,namesilo,,,27/09/2026 16:41
c4c0ec7f-0afa-4cf9-9994-e5cdfc3b24df,corporation.llc,premium,2070.2,2070.2,high,low,11,spaceship,,,27/09/2026 16:41
8dcaa768-9001-44a0-ab16-5ca5bc4abc9f,company.space,premium,2587.7,10350.2,high,low,7,spaceship,,,09/10/2026 00:04
59306ba9-643b-4d92-bd0f-7e3e8cd2c1b0,commerce.date,premium,103.7,26.08,high,low,8,spaceship,,,08/10/2026 06:17
a8b210f9-a41e-46bc-b089-ddd32851ed8e,corporate.sarl,available,6.99,6.99,high,low,9,namesilo,,,09/10/2026 21:44
f416e933-8e00-409a-a055-7f0d34d04707,organization.law,available,95.99,95.99,high,low,12,namesilo,,,09/10/2026 20:57
255b63ca-9a0f-4f2d-87e6-dc5bd5d478c1,company.capital,premium,68.51,68.51,high,low,7,spaceship,,,09/10/2026 00:04
5c77688a-91a9-49fb-843d-340c79b89c0c,business.rsvp,premium,1034.17,1034.17,high,medium,8,spaceship,,,09/10/2026 07:41
763a457a-baac-41a5-8796-5c6cc51bf914,commerce.maison,available,45.74,45.74,high,low,8,spaceship,,,08/10/2026 06:17
490ae02e-e448-4f37-a636-32384eeff601,organization.bar,available,2.57,52.01,high,low,12,porkbun,,,09/10/2026 20:57
4a9b8e1b-35c9-41b0-af16-e2ac75e80d7f,business.kids,premium,384,21.24,high,medium,8,namesilo,,,09/10/2026 07:41
b520153b-1fe0-4573-b39f-78cd8b255bc8,firm.tires,available,5.99,78.99,high,low,4,namesilo,,,09/10/2026 23:07
e3a745cb-8aa5-41f4-bd23-e22389ddb33b,trade.life,resell,,,high,medium,5,Porkbun LLC,29/04/2016 15:47,29/04/2027 15:47,08/10/2026 16:34
758b32c4-4a34-44f9-a4be-3d5345cfc8c9,organization.blog,premium,517.7,2070.2,high,low,12,spaceship,,,09/10/2026 20:57
a123186f-ad19-4d9f-9a56-6d5a47bbd87d,company.training,resell,,,high,low,7,"Spaceship, Inc.",16/04/2022 13:15,16/04/2027 13:15,09/10/2026 00:04
22fea9be-1458-4d3e-a3d8-f7a0c6cca53c,firm.forex,premium,1035.2,1035.2,high,low,4,spaceship,,,09/10/2026 23:07
737ad9a8-7b58-46ab-9efc-e0eabc558b81,commerce.kitchen,available,14.99,111.99,high,low,8,godaddy,,,08/10/2026 06:17
6791cb00-efc8-48c2-9aec-0fe6ad99137d,commerce.florist,available,49.99,49.99,high,low,8,godaddy,,,08/10/2026 06:17
628f718a-4127-42d0-b3aa-e8e58ed87a88,enterprise.markets,premium,520,520,high,medium,10,namecheap,,,10/10/2026 00:56
50494adb-223e-461c-a8bd-ac7740cbd0f9,organization.rsvp,premium,30.22,30.22,high,low,12,spaceship,,,09/10/2026 20:57
6dec1497-4433-4254-884b-2f415bcda123,trade.blog,premium,517.7,2070.2,high,medium,5,spaceship,,,08/10/2026 16:34
ad0efcea-196f-4be5-ae20-151589f269bb,enterprise.bar,premium,230.4,230.4,high,medium,10,namesilo,,,10/10/2026 00:56
fbf8f0ca-4b5f-4621-a7dc-e8d6f6c13078,commerce.restaurant,available,10.55,51.95,high,low,8,spaceship,,,08/10/2026 06:17
7d910053-aa23-4e20-a767-d4f103e160b7,organization.global,premium,1596,53.92,high,low,12,namesilo,,,09/10/2026 20:57
b47137a6-7906-4f90-8bd2-78a5c6cfb449,commerce.immobilien,available,8.24,32.32,high,low,8,dynadot,,,08/10/2026 06:17
9c52816e-7f78-4638-9572-479cde2edd8e,business.meme,premium,1345.7,1345.7,high,medium,8,spaceship,,,09/10/2026 07:41
08e9ad26-2a02-42be-bf93-59dbec35f570,venture.xyz,resell,,,high,medium,7,Dynadot Inc,18/08/2017 14:18,18/08/2030 23:59,08/10/2026 04:39
b2b1d650-f982-41ba-9186-62f64eaa27e6,enterprise.engineer,premium,768,768,high,medium,10,namesilo,,,10/10/2026 00:56
40a59a2c-036b-4d5b-b367-0674f00715c7,company.parts,premium,242,242,high,low,7,namesilo,,,09/10/2026 00:04
92ab87a0-e666-4350-9739-0a7f081d0f1f,enterprise.report,premium,128.7,128.7,high,medium,10,namecheap,,,10/10/2026 00:56
4e44aeb6-8580-46d9-9575-249a4deafc87,company.sucks,premium,20700,2658.67,high,low,7,namesilo,,,09/10/2026 00:04
efbc2c4a-efcb-4ecf-8482-6cdaef3516f1,commerce.tickets,available,629.99,749.99,high,low,8,godaddy,,,08/10/2026 06:17
8f1b7b91-b203-405a-a59b-36f2fa87b5e1,enterprise.rent,premium,1092.18,1092.18,high,medium,10,porkbun,,,10/10/2026 00:56
14a9598a-984a-44d7-aa96-741781f03e80,company.camp,premium,414.2,414.2,high,low,7,spaceship,,,09/10/2026 00:04
82f0ba9b-8f6f-4200-bf22-caac2c036061,firm.download,premium,13000,130,high,low,4,namecheap,,,09/10/2026 23:07
4a4e184b-12fa-4b89-8c7f-493893ea6001,commerce.la,resell,,,high,low,8,LA Domain Names,30/04/2021 02:00,30/04/2027 23:59,08/10/2026 06:17
13c6793e-3dc3-400f-869d-288431d76a0f,commerce.earth,available,18.99,18.99,high,low,8,namesilo,,,08/10/2026 06:17
cebb8214-7c7a-4d1e-8d72-dbc64bf16350,company.pizza,premium,99.5,118.8,high,low,7,unstoppable,,,09/10/2026 00:04
7edfcb2a-99a9-4be8-80b9-60c8a3c3a20c,commerce.news,premium,1107,1107,high,low,8,namesilo,,,08/10/2026 06:17
426d8a9f-fce6-4eb9-9ed7-81c956d2584c,firm.credit,available,8.48,83,high,low,4,spaceship,,,09/10/2026 23:07
05254d54-4df2-40f6-a332-336a4c185d2b,trade.voting,available,978.6,978.6,high,medium,5,dynadot,,,08/10/2026 16:34
7d268bbf-4e51-4152-aed9-15cd7452a788,corporate.industries,available,36.43,36.43,high,low,9,spaceship,,,09/10/2026 21:44
12f887b9-5273-49f6-9e7a-5a0bab7310af,commerce.cooking,premium,41.6,26.08,high,low,8,spaceship,,,08/10/2026 06:17
925760b1-3556-4308-be89-6597225c3f6e,trade.cam,premium,1995,16.52,high,medium,5,namesilo,,,08/10/2026 16:34
9b596c11-7d3c-47ab-94f9-0ff1a2786922,organization.group,resell,,,high,low,12,Alibaba Cloud Computing Ltd. d/b/a HiChina (www.net.cn),30/03/2026 15:09,30/03/2027 15:09,09/10/2026 20:57
37f468b1-1f69-420b-8eb9-f667908d4599,company.ong,available,16.72,16.72,high,low,7,dynadot,,,09/10/2026 00:04
c4c84296-e93f-4c06-b10a-0f75cf14800d,industry.agency,resell,,,high,medium,8,Dynadot Inc,01/06/2022 13:15,01/06/2027 13:15,09/10/2026 01:06
8b18d2fc-639b-40e6-b91a-90feec9088cc,company.game,premium,1729,1729,high,low,7,namesilo,,,09/10/2026 00:04
63ff29a9-aae6-437c-be70-671e15ed7885,marketing.cx,resell,,,high,medium,9,West263 International Limited,18/03/2024 14:07,18/03/2027 14:07,01/10/2026 17:41
83b97519-3a67-42de-9329-e59e8a88f08d,firm.reise,available,27.89,97.99,high,low,4,namesilo,,,09/10/2026 23:07
0b1e5e15-e47c-405b-8252-cfb899062ae5,manager.gmbh,available,47.98,56.98,high,low,7,namecheap,,,24/09/2026 16:11
8f8612a5-5d4b-4154-a02a-932fa6c7d173,company.to,resell,,,high,low,7,Tonic,25/04/2025 02:27,01/08/2027 00:00,09/10/2026 00:04
9611fdbb-941c-419e-9dda-34d22842dafd,organization.tires,available,5.99,78.99,high,low,12,namesilo,,,09/10/2026 20:57
b0ca1a0c-d997-4b11-b636-2eff4204638d,strategy.srl,premium,54.28,30.68,high,medium,8,namesilo,,,10/10/2026 04:04
9c96ab9d-903f-453d-b02d-a98e508a761a,commerce.salon,available,45.74,45.74,high,low,8,spaceship,,,08/10/2026 06:17
a967d8fb-c60c-4206-a92f-7f8ccf7a9c46,firm.to,resell,,,high,low,4,Tonic,30/12/2023 02:27,01/08/2027 00:00,09/10/2026 23:07
9e8f21f8-f8d3-4bb7-ac8b-5fefba2a81a1,market.site,premium,13800,13800,high,medium,6,namesilo,,,19/09/2026 13:41
06277374-6a01-41b3-a9cf-c70a03450e9f,corporation.sbs,premium,330,660,high,low,11,dynadot,,,27/09/2026 16:41
e6ec4bdc-f8e2-4e3c-82b3-aa1cd08aabf8,company.barcelona,available,25.04,25.04,high,low,7,spaceship,,,09/10/2026 00:04
98def2db-2142-4578-89f3-5c3d37b47b3f,company.financial,premium,118.8,118.8,high,low,7,namesilo,,,09/10/2026 00:04
6503de12-d492-40f7-943d-27b59093ea1b,company.protection,available,2064.2,2064.2,high,low,7,spaceship,,,09/10/2026 00:04
693b74c2-e1f3-4e11-a27c-8bec4e94d9e4,firm.boston,available,24.5,18.88,high,low,4,unstoppable,,,09/10/2026 23:07
e53c1a2d-ed27-4bdb-847d-02ab64411011,trade.dental,premium,108.9,108.9,high,medium,5,dynadot,,,08/10/2026 16:34
219dd23b-fbaf-4419-9074-00118c2d2b69,industry.cfd,premium,390,780,high,medium,8,namecheap,,,09/10/2026 01:06
1c00edf1-1a39-4fda-b585-d18c13038e0c,office.ltd,resell,,,high,medium,6,"Sav.com, LLC - 14",20/09/2026 15:15,20/09/2027 15:15,09/10/2026 04:47
c42e6dc7-e00c-4d6e-a670-c41379d7e5c7,organization.singles,available,3.31,27.11,high,low,12,spaceship,,,09/10/2026 20:57
7462a18f-aa9c-4c74-a38b-410a4ae20b67,marketing.financial,premium,85.8,85.8,high,medium,9,namecheap,,,01/10/2026 17:41
5dbf1214-9138-4225-8b5d-363abde8f7cf,commerce.prof,premium,427.7,427.7,high,low,8,namecheap,,,08/10/2026 06:17
595f180a-d997-41ac-8d70-866c10108f49,organization.bike,available,5.98,55.48,high,low,12,namecheap,,,09/10/2026 20:57
74fbb2b2-02c5-47a2-bc7b-997b65671ab3,organization.soccer,available,20.2,20.2,high,low,12,cloudflare,,,09/10/2026 20:57
fde521dd-fa0e-42bf-a919-b3dbb9d36c1b,business.spot,premium,640,640,high,medium,8,namesilo,,,09/10/2026 07:41
697f9960-cce5-4cd5-9e5c-e3be45b0b800,firm.family,premium,1000.5,1107,high,low,4,unstoppable,,,09/10/2026 23:07
65f028df-f05d-4937-be3e-485405a4ebfa,corporation.icu,premium,328.02,655.52,high,low,11,porkbun,,,27/09/2026 16:41
340e7410-e335-47e1-a4cb-e797c146dedf,firm.party,available,5.25,6.25,high,low,4,namesilo,,,09/10/2026 23:07
613c19b8-4434-4780-a668-7af9b5595b56,enterprise.hair,premium,2600,2600,high,medium,10,namecheap,,,10/10/2026 00:56
099a9a1e-9d48-4a05-a785-2f6c1a88b9c3,trade.dealer,premium,4278,2660,high,medium,5,namesilo,,,08/10/2026 16:34
7156be0e-6219-4d9a-b401-c6079aba45d5,organization.forsale,premium,102.67,102.67,high,low,12,spaceship,,,09/10/2026 20:57
90800e9a-87a2-4691-874a-7935a54f7ccc,organization.army,available,17.5,31.25,high,low,12,unstoppable,,,09/10/2026 20:57
d31dfdde-ccd3-4459-94d2-612c9fb22b13,corporation.attorney,premium,1107,1107,high,low,11,namesilo,,,27/09/2026 16:41
74a75528-faeb-485c-9d24-aec96a0f6e50,firm.art,premium,1250.2,83.3,high,low,4,unstoppable,,,09/10/2026 23:07
68a9afb9-079a-4afe-b0ec-49db2ad3a158,management.finance,resell,,,high,low,10,UM DOMAINS PTE. LTD,20/07/2026 15:15,20/07/2027 15:15,26/09/2026 07:24
72a66e3b-f329-4e7e-9ea4-5a406cf7fa38,firm.guide,available,41.49,41.49,high,low,4,namesilo,,,09/10/2026 23:07
d12778ae-fff4-4a2e-9486-384963a9a2c1,firm.casino,available,7.71,148.95,high,low,4,dynadot,,,09/10/2026 23:07
b1a05dab-fbf3-441e-8c51-870dc5b126d6,company.cards,premium,854,854,high,low,7,namesilo,,,09/10/2026 00:04
328f17a2-ad43-4a76-9197-5d3cbdde1547,organization.work,premium,26.08,10.55,high,low,12,spaceship,,,09/10/2026 20:57
94bf56ad-e461-489c-9e96-3a9151f63f03,organization.plumbing,available,58.16,58.16,high,low,12,spaceship,,,09/10/2026 20:57
4dba3c08-f815-4332-842a-86015bf80a2e,firm.bayern,available,34.99,34.99,high,low,4,namesilo,,,09/10/2026 23:07
e58186ce-e89c-463e-b27d-13e9af691f9f,company.navy,available,109.99,109.99,high,low,7,namesilo,,,09/10/2026 00:04
e6535f96-4a94-4386-afa5-6b0a9db7b708,firm.tours,available,5.38,49.88,high,low,4,spaceship,,,09/10/2026 23:07
c56631ca-99b0-4fa2-a009-04039d467e50,marketing.capital,resell,,,high,medium,9,"Spaceship, Inc.",11/12/2023 17:02,11/12/2026 17:02,01/10/2026 17:41
724886cb-c167-483a-901e-45137f38ba55,trade.press,premium,2750,5500,high,medium,5,dynadot,,,08/10/2026 16:34
08df2273-cb1f-41d4-9dbb-d8390d2e2a1a,marketing.gg,resell,,,high,medium,9,Dynadot Inc. (https://www.dynadot.com),,,01/10/2026 17:41
a21d8b1d-dc5f-4860-8f90-b8698d1f141d,manager.llc,premium,2600,2600,high,low,7,namecheap,,,24/09/2026 16:11
814e53a7-8619-4e8f-bb29-6392d9f175a4,corporation.capital,available,10.99,71.99,high,low,11,namesilo,,,27/09/2026 16:41
6bb6d34b-c9b1-40ac-b3e2-bd7bfbfe8325,commerce.mobi,resell,,,high,low,8,"Spaceship, Inc.",25/02/2015 03:25,25/02/2027 03:25,08/10/2026 06:17
3e85fc29-f2aa-41fb-ad45-29a4a8b771e4,marketing.trading,premium,1035.2,1035.2,high,medium,9,spaceship,,,01/10/2026 17:41
bd3122b4-3566-4e57-9cba-52f1eb453ffa,organization.clinic,available,10.55,51.95,high,low,12,spaceship,,,09/10/2026 20:57
4e20f637-b6fa-4629-9181-4d5c04e12211,trade.support,premium,,,high,medium,5,,,,08/10/2026 16:34
bba82304-3372-49ec-a5c7-82f61a5c84da,organization.shoes,available,50.2,50.2,high,low,12,cloudflare,,,09/10/2026 20:57
ad3fda68-8e29-45a4-bc5c-c72dd6ca3bb6,organization.lat,available,1.24,26.08,high,low,12,spaceship,,,09/10/2026 20:57
7e414ab5-2892-468b-ad8e-f74644768baa,marketing.fund,premium,414.2,414.2,high,medium,9,spaceship,,,01/10/2026 17:41
dae79b4e-3c35-413c-b3bb-403cb4800550,enterprise.rich,available,94.99,1999,high,medium,10,namesilo,,,10/10/2026 00:56
bc8667c4-88f4-4f9e-96b6-c65edc7dcd4e,company.photo,premium,130,130,high,low,7,namecheap,,,09/10/2026 00:04
5b546d79-17b8-4f7d-b3db-76080f8e367b,corporate.llc,premium,2000.5,2660,high,low,9,unstoppable,,,09/10/2026 21:44
54c93856-e021-4dd3-9589-bbbe3c654200,commerce.dating,available,20,64.99,high,low,8,unstoppable,,,08/10/2026 06:17
d94788b1-b2f2-4794-8380-da021c682241,commerce.cyou,premium,68.43,147.2,high,low,8,namesilo,,,08/10/2026 06:17
d29b5b2a-4c8e-460b-8a35-43c7602cbbc3,firm.haus,available,14.99,33.99,high,low,4,namesilo,,,09/10/2026 23:07
43fce65a-008b-464d-9edf-7783100dbfba,company.uno,premium,6500,6500,high,low,7,namecheap,,,09/10/2026 00:04
d6d530c9-5815-4162-9d9e-9d6e6447ea78,enterprise.fashion,available,26.97,26.97,high,medium,10,dynadot,,,10/10/2026 00:56
deeb390e-bbc7-4d96-9fd9-b9c74d460ef2,company.sale,premium,512,512,high,low,7,namesilo,,,09/10/2026 00:04
1853834f-600c-400c-a534-3963a46bd7a9,enterprise.attorney,premium,1107,1107,high,medium,10,namesilo,,,10/10/2026 00:56
c81ac4c0-b52b-4762-afe7-0f2a78ffb6de,commerce.team,resell,,,high,low,8,Alibaba Cloud Computing Ltd. d/b/a HiChina (www.net.cn),30/05/2019 09:33,30/05/2027 09:33,08/10/2026 06:17
6d950735-bf22-455c-92c5-083aaba61592,firm.forsale,premium,102.67,102.67,high,low,4,spaceship,,,09/10/2026 23:07
51203af1-b734-47f1-8c97-6f257457e530,company.fitness,premium,78.54,78.54,high,low,7,namesilo,,,09/10/2026 00:04
ca8a4099-6532-4557-9a4e-8a8214864b52,enterprise.cricket,premium,448,53.92,high,medium,10,namesilo,,,10/10/2026 00:56
e3f370e1-4383-43fd-a38a-c27a8ed87526,management.money,resell,,,high,low,10,"Global Domains International, Inc. DBA DomainCostClub.com",27/01/2026 15:16,27/01/2027 15:16,26/09/2026 07:24
cbd38a62-f376-4a5b-8d5c-effab14d919b,market.space,premium,13800,13800,high,medium,6,namesilo,,,19/09/2026 13:41
c2597ba8-0327-4cc6-9ada-7632487c7469,trade.cruises,premium,207.2,207.2,high,medium,5,spaceship,,,08/10/2026 16:34
a9c03127-1015-467f-ae01-adb4f4461a70,firm.blackfriday,available,114.99,114.99,high,low,4,namesilo,,,09/10/2026 23:07
013e3bd8-f872-4af7-a656-a5a0b9ca57db,industry.paris,premium,308.35,308.35,high,medium,8,dynadot,,,09/10/2026 01:06
608b55eb-7645-42c9-959d-7f50277519fb,organization.loans,available,10.81,93.2,high,low,12,porkbun,,,09/10/2026 20:57
3a2c30a5-a651-488e-aa4e-51d9e80c601d,commerce.world,resell,,,high,low,8,"Xiamen ChinaSource Internet Service Co., Ltd",01/04/2016 01:23,01/04/2027 01:23,08/10/2026 06:17
1b06edce-d94d-486f-a8e7-64a1a5f5b78c,organization.church,available,7.45,46.78,high,low,12,spaceship,,,09/10/2026 20:57
caf366d1-ca4b-437b-91b1-a4f0754f2289,trade.mov,premium,516.67,516.67,high,medium,5,spaceship,,,08/10/2026 16:34
4579304f-ae81-4619-b384-5ca6e683fc36,enterprise.loan,premium,13800,116,high,medium,10,namesilo,,,10/10/2026 00:56
2396edd0-629e-455d-804c-fbef7903ba1c,organization.hot,premium,109.69,109.69,high,low,12,porkbun,,,09/10/2026 20:57
bacb28dc-30f4-44b3-bac9-2b5b10440872,commerce.furniture,available,177.99,177.99,high,low,8,godaddy,,,08/10/2026 06:17
4219d869-6c0e-4386-a029-d12322ace16d,firm.recipes,available,8.99,77.99,high,low,4,namesilo,,,09/10/2026 23:07
266da900-668c-413b-aedb-ca2bb5692007,trade.travel,resell,,,high,medium,5,Dynadot Inc,20/08/2026 17:00,20/08/2027 17:00,08/10/2026 16:34
11695530-1ef4-4e41-86c8-5505adb9dabe,management.market,premium,500,500,high,low,10,name.com,,,19/09/2026 14:24
62a09184-9697-4d78-9b62-6e089910beb4,commerce.icu,premium,63.25,126.5,high,low,8,dynadot,,,08/10/2026 06:17
7a0ffa7f-a432-4354-8437-9f225b11e77f,firm.casa,premium,41.6,10.55,high,low,4,spaceship,,,09/10/2026 23:07
ef961303-ceb4-4958-980c-b9027fb87c82,organization.tours,available,5.38,49.88,high,low,12,spaceship,,,09/10/2026 20:57
b1deca50-c79e-4209-87d0-fe08edba256d,company.courses,premium,517.7,517.7,high,low,7,spaceship,,,09/10/2026 00:04
a758dba4-d493-4078-b295-d2a3bd4be87b,company.tips,premium,68.51,68.51,high,low,7,spaceship,,,09/10/2026 00:04
111cfb07-e5ba-4176-a1e0-1343ef35db8d,firm.rest,available,2.19,28.99,high,low,4,namesilo,,,09/10/2026 23:07
a2628c38-2562-4dff-ad57-da385c273ea7,trade.healthcare,available,88.99,88.99,high,medium,5,namesilo,,,08/10/2026 16:34
db154553-4983-4f5d-ab99-f358ca09486e,organization.vacations,available,38.99,38.99,high,low,12,namesilo,,,09/10/2026 20:57
2e47fbfc-385f-4421-9ec0-17c19af073f1,commerce.lifestyle,premium,1107,1107,high,low,8,namesilo,,,08/10/2026 06:17
c9cd8c33-0098-42d8-8c7f-f58d00e7b637,company.equipment,premium,512,512,high,low,7,namesilo,,,09/10/2026 00:04
1196b324-a4b0-4ee9-9bbf-0d2b62f5bd6d,organization.space,premium,6900,6900,high,low,12,namesilo,,,09/10/2026 20:57
5c87f2b5-eaf1-442f-8248-74754e1808e1,trade.website,premium,1375,2750,high,medium,5,dynadot,,,08/10/2026 16:34
0432c5ce-fc00-4d26-8598-51e1cb522012,trade.apartments,available,57.99,57.99,high,medium,5,namesilo,,,08/10/2026 16:34
d6e62687-6f79-4756-a913-1382728aeac2,commerce.organic,available,17.99,85.99,high,low,8,namesilo,,,08/10/2026 06:17
8cc68fb4-225e-4c39-83f8-021ba2625dd5,market.vana,available,2298,2498,high,medium,6,namecheap,,,19/09/2026 13:41
e5142d73-e4c4-476c-b207-41a6fc460a7c,organization.direct,available,13.14,33.32,high,low,12,spaceship,,,09/10/2026 20:57
5fdd2dc4-a5d2-4b65-81d3-ce7fc6bae1a4,company.associates,premium,102.67,102.67,high,low,7,spaceship,,,09/10/2026 00:04
f84d384c-8271-4271-ab57-67cfe62b9eac,corporation.loan,premium,550,71.5,high,low,11,dynadot,,,27/09/2026 16:41
6dbce578-ecbd-499e-9304-22e71c8012e4,firm.vote,available,70.2,70.2,high,low,4,cloudflare,,,09/10/2026 23:07
d2fa1031-00b7-4865-a999-e4f53bf88180,firm.gift,available,14.99,14.99,high,low,4,namesilo,,,09/10/2026 23:07
987717a0-2e17-40ee-9a47-6bf6ffe565b4,company.forex,premium,1035.2,1035.2,high,low,7,spaceship,,,09/10/2026 00:04
afd407e2-322a-477d-a43e-8cde3a83d5da,organization.games,available,8.24,30.38,high,low,12,porkbun,,,09/10/2026 20:57
6bedf61a-d523-4004-a0a0-9d836cc4fa71,industry.cyou,premium,384,768,high,medium,8,namesilo,,,09/10/2026 01:06
a60d6006-2f4b-4d4e-b5d2-66af909b8548,trade.furniture,premium,118.8,118.8,high,medium,5,namesilo,,,08/10/2026 16:34
dd9fcb47-139a-4410-aaf6-b2b4e4f0a164,trade.inc,premium,2061.5,2660,high,medium,5,namesilo,,,08/10/2026 16:34
8d02fd82-9287-4f07-b9b8-f496bde7b448,management.deals,available,40.98,51.98,high,low,10,namecheap,,,19/09/2026 14:24
4685579a-3f57-4b32-9150-eaebe0cf86bd,management.icu,premium,74.75,149.5,high,low,10,namecheap,,,19/09/2026 14:24
14e5b17c-a1cd-435f-8e63-b998684458f6,organization.car,available,1999.99,2199,high,low,12,namesilo,,,09/10/2026 20:57
9c6ffba1-2a95-4c50-8328-391ce6b95306,trade.courses,premium,517.7,517.7,high,medium,5,spaceship,,,08/10/2026 16:34
3a5988d8-d996-4edf-a4b2-84c06089b673,company.ing,premium,1300.2,1419.68,high,low,7,unstoppable,,,09/10/2026 00:04
4ee6b0f8-a268-4200-b50a-1d2be60f43e7,firm.miami,premium,40.5,21.24,high,low,4,unstoppable,,,09/10/2026 23:07
d288ab3a-ad3a-4056-997c-fb68165ec39c,marketing.deal,premium,640,640,high,medium,9,namesilo,,,01/10/2026 17:41
0b6b7efd-dd7b-4ab8-996e-ce1056210978,corporation.dealer,premium,4278,2660,high,low,11,namesilo,,,27/09/2026 16:41
043c4f9d-9af4-4093-85c0-68e4bdd57693,commerce.sydney,premium,58,58,high,low,8,namesilo,,,08/10/2026 06:17
0c9ec781-ace2-4512-8f80-f64871700464,commerce.watch,resell,,,high,low,8,"Global Domains International, Inc. DBA DomainCostClub.com",26/04/2026 15:15,26/04/2027 15:15,08/10/2026 06:17
afbf17fb-4109-4bba-8de4-3ce02c05f595,commerce.boston,premium,41.6,18.83,high,low,8,spaceship,,,08/10/2026 06:17
e546e99a-721d-4ab5-832c-42f9c5e28827,company.hockey,available,59.99,59.99,high,low,7,namesilo,,,09/10/2026 00:04
e59bcbc6-d3c8-4b64-b528-6a054fedf658,company.diet,available,93.35,103.4,high,low,7,spaceship,,,09/10/2026 00:04
d5271c31-d1a8-4044-90ef-de5589396591,management.express,available,16.99,50.99,high,low,10,name.com,,,19/09/2026 14:24
ea1bae37-5c9a-4b0e-9cf9-dfd76b255de0,enterprise.gifts,premium,78.54,78.54,high,medium,10,namesilo,,,10/10/2026 00:56
5d6466a1-ba40-4b83-a8f7-387e93c75642,organization.dance,available,21.2,21.2,high,low,12,cloudflare,,,09/10/2026 20:57
49e768a2-8746-4efd-a28c-0e1d3a1776f5,firm.cheap,available,5.38,29.18,high,low,4,spaceship,,,09/10/2026 23:07
519726a5-d868-4526-a820-294e367ad6f2,commerce.lawyer,premium,414.2,414.2,high,low,8,spaceship,,,08/10/2026 06:17
45c94101-baaa-43f3-a878-a68db6621715,organization.xxx,available,52.01,98.35,high,low,12,porkbun,,,09/10/2026 20:57
73947671-0336-4097-9030-dad9aabe4b76,company.observer,premium,828.2,828.2,high,low,7,spaceship,,,09/10/2026 00:04
cef333ab-c17f-4849-aa69-d57ba2eba728,organization.vote,available,33,90.99,high,low,12,unstoppable,,,09/10/2026 20:57
ebc4ce70-5759-4606-b138-229af4b6dc24,corporation.sh,available,31.05,46.58,high,low,11,spaceship,,,27/09/2026 16:41
081704f6-0f2f-419d-8a9e-52591a2c6356,organization.college,available,17.99,59.99,high,low,12,namesilo,,,09/10/2026 20:57
c7601674-d42c-4364-8eb1-0f676c75f39f,commerce.villas,available,59.99,59.99,high,low,8,namesilo,,,08/10/2026 06:17
5a288e22-438d-45ba-b4d3-b9dac0cf8e6a,market.so,resell,,,high,medium,6,NameCheap,26/06/2020 05:13,26/06/2026 05:13,
077ec9bd-170c-4c93-b68b-118d4ba36763,investment.sarl,premium,34.36,34.36,high,low,10,spaceship,,,08/10/2026 16:18
ed1abc54-03d9-49f2-8fc1-32fb550c3ac4,commerce.storage,available,509.99,529.99,high,low,8,namesilo,,,08/10/2026 06:17
9e286069-7a59-40dc-a169-6122c31297fb,firm.news,premium,103.7,207.2,high,low,4,spaceship,,,09/10/2026 23:07
6a5be462-5efa-4371-8044-bbea1fd70697,trade.date,premium,384,53.92,high,medium,5,namesilo,,,08/10/2026 16:34
7356b6d0-8940-433d-b3c7-f512ac15884a,commerce.sucks,premium,2658.67,2658.67,high,low,8,namesilo,,,08/10/2026 06:17
f3ea0868-a44c-4d57-b9f2-7b2731d32ef2,corporation.vegas,available,12.99,43.99,high,low,11,namesilo,,,27/09/2026 16:41
40d5ec33-6317-4cb6-97e2-28d7834f641a,company.website,premium,2587.7,5175.2,high,low,7,spaceship,,,09/10/2026 00:04
dcc0195f-3a06-43c3-b0e2-fa48dcfb606b,company.cool,premium,512,512,high,low,7,namesilo,,,09/10/2026 00:04
26e1090f-0d12-41bf-b6bf-ce9db24a45ca,firm.wine,available,8.48,83.98,high,low,4,namecheap,,,09/10/2026 23:07
794836f0-b2b5-4263-a376-4f099c967896,corporation.build,premium,1638.01,1638.01,high,low,11,porkbun,,,27/09/2026 16:41
ce712af1-48b6-4265-a84d-6d46ed9171b8,organization.fish,available,36.43,36.43,high,low,12,spaceship,,,09/10/2026 20:57
340bcafd-fcea-47e3-bba3-445b3d34adef,company.living,premium,640,640,high,low,7,namesilo,,,09/10/2026 00:04
eb85334c-d065-4d18-9e2d-ec3600afae4c,corporation.archi,available,19.99,103.99,high,low,11,namesilo,,,27/09/2026 16:41
69f4bd45-f99d-4374-b5cc-d71e6624a3aa,firm.gay,premium,672.95,672.95,high,low,4,spaceship,,,09/10/2026 23:07
ffbe708b-8ab0-4536-93c5-0a0f995fe4b0,firm.singles,available,9.49,33.99,high,low,4,namesilo,,,09/10/2026 23:07
58e329c5-3957-40e6-a7c8-21cdb22e6d43,organization.mba,available,17,35.53,high,low,12,unstoppable,,,09/10/2026 20:57
291ae6a7-9178-4c39-82c8-779d0016b5dd,trade.lawyer,premium,1107,1107,high,medium,5,namesilo,,,08/10/2026 16:34
08dc21a4-ad01-4168-8bd2-795f9cabc447,office.industries,premium,118.8,118.8,high,medium,6,namesilo,,,09/10/2026 04:47
b0536e3a-dc9a-4524-a467-684f3604ddcc,company.college,premium,13800,13800,high,low,7,namesilo,,,09/10/2026 00:04
bb8a5d41-1f96-41b0-a8fe-428efd3d62c4,company.creditcard,premium,414.2,414.2,high,low,7,spaceship,,,09/10/2026 00:04
0cb4bddd-283a-42e9-a31c-fb0e7594dd11,trade.catering,premium,118.8,118.8,high,medium,5,namesilo,,,08/10/2026 16:34
f78fcd08-e8fa-4d0d-bc3e-ca356ace4191,organization.yachts,available,1.54,14.21,high,low,12,porkbun,,,09/10/2026 20:57
2663f6c4-0086-4520-8ba7-69aafe2b67bd,trade.build,premium,1650,1650,high,medium,5,dynadot,,,08/10/2026 16:34
a6a2a4ae-175b-4ec7-b3fb-d39c6dbdd16f,enterprise.top,premium,123.9,123.9,high,medium,10,spaceship,,,10/10/2026 00:56
c920ce1a-8e4c-44f4-9625-a6d716f3df3c,corporation.deals,available,39.99,39.99,high,low,11,namesilo,,,27/09/2026 16:41
55e0cf8f-b649-4cd5-a22f-03d410b8bbdc,marketing.navy,available,32.2,32.2,high,medium,9,cloudflare,,,01/10/2026 17:41
145d49a0-4eba-475a-bda3-c2287fbac9ea,organization.place,resell,,,high,low,12,"GoDaddy.com, LLC",22/02/2023 00:58,22/02/2027 00:58,09/10/2026 20:57
aeb8d103-968e-4bd1-9a53-70513093c8e2,enterprise.observer,premium,828.2,828.2,high,medium,10,spaceship,,,10/10/2026 00:56
99df7d9f-abb9-4489-8fec-acee5aa18b22,trade.church,resell,,,high,medium,5,"Spaceship, Inc.",02/10/2025 05:50,02/10/2027 05:50,08/10/2026 16:34
fb76446e-202b-401a-899a-c434fe74df2f,organization.casino,available,6.41,129.58,high,low,12,spaceship,,,09/10/2026 20:57
4ef5e651-b9b8-4214-819c-5626c33c4d66,firm.sbs,premium,310.7,621.2,high,low,4,spaceship,,,09/10/2026 23:07
3f5771b4-380f-4f93-80c4-2f3a6fdf5936,trade.best,premium,580.52,580.52,high,medium,5,namecheap,,,08/10/2026 16:34
284bdaa7-b2bb-4dd8-a93a-4a980efb5938,organization.reisen,available,16.2,16.2,high,low,12,cloudflare,,,09/10/2026 20:57
6950affd-5d56-4891-aad8-f8c5143d7a9d,organization.barcelona,available,25.04,25.04,high,low,12,spaceship,,,09/10/2026 20:57
3f3f8c4f-e8ff-44c1-9ad8-342924135a75,trade.games,premium,1293.95,2587.7,high,medium,5,spaceship,,,08/10/2026 16:34
14f7d8a5-9d31-4394-a72e-1719d91ff4be,management.ventures,available,20.99,59.99,high,low,10,namesilo,,,19/09/2026 14:24
deb7ed88-2f58-467e-bee4-8285e444c149,firm.trading,premium,520,520,high,low,4,namecheap,,,09/10/2026 23:07
68dbd8fa-e3dc-479d-a724-e73f22205911,organization.mov,premium,30.22,30.22,high,low,12,spaceship,,,09/10/2026 20:57
1f31380b-3c94-4548-8aad-409998cd5d6d,industry.software,premium,2587.7,2587.7,high,medium,8,spaceship,,,09/10/2026 01:06
5b9b1221-6e67-4a32-8d87-f2520a0a0899,company.study,premium,640,640,high,low,7,namesilo,,,09/10/2026 00:04
78f96a4d-451e-4dc1-9c0b-bda8c2a7272b,commerce.top,premium,231.68,231.68,high,low,8,spaceship,,,08/10/2026 06:17
fb23b407-729d-4c27-b3ea-e86112dc10c0,management.financial,premium,500,500,high,low,10,name.com,,,19/09/2026 14:24
8e37514f-1097-4c49-a2d7-cc80e1b33f70,organization.art,premium,1552.7,72.65,high,low,12,spaceship,,,09/10/2026 20:57
b4f668fb-f230-4b1a-99d5-d0e6278680a5,organization.international,available,12.99,31.49,high,low,12,namesilo,,,09/10/2026 20:57
216c4189-672b-4472-8e5b-81d636a91c2e,trade.bar,premium,819,1170,high,medium,5,namecheap,,,08/10/2026 16:34
bbe82e51-d07a-4a7c-977c-32742e5e4db9,commerce.fitness,available,3.48,56.98,high,low,8,namecheap,,,08/10/2026 06:17
1051fc62-5de4-48a7-985c-b237e0ad1988,firm.lighting,available,18.83,18.83,high,low,4,spaceship,,,09/10/2026 23:07
c9b859b1-4a0d-443c-8d8d-97c403774ab4,entrepreneur.srl,available,31.99,31.99,high,high,12,namesilo,,,09/10/2026 15:53
38b0e369-6e70-4c5d-9200-bcef254d1a0e,organization.land,available,8.75,34.5,high,low,12,porkbun,,,09/10/2026 20:57
b257fefd-1bb7-44e5-bdfd-d43a2790fb44,company.organic,available,17.99,85.99,high,low,7,namesilo,,,09/10/2026 00:04
18bde020-e433-4a7e-a6de-187f53e92d72,marketing.schule,premium,108.9,108.9,high,medium,9,dynadot,,,01/10/2026 17:41
3eb21a46-36bc-41fa-937b-9d3ac5e95662,firm.gifts,available,28.2,28.2,high,low,4,cloudflare,,,09/10/2026 23:07
8044fdac-8562-4dfa-b832-46b5311279f8,corporation.app,premium,254.72,254.72,high,low,11,namesilo,,,27/09/2026 16:41
94f06671-2223-425c-b1ce-dba368b473ce,corporation.partners,available,20.99,71.99,high,low,11,namesilo,,,27/09/2026 16:41
8b0f5e2a-ca73-4dcf-ac88-8167c9402d8f,finance.gmbh,premium,242,242,high,medium,7,namesilo,,,09/10/2026 18:59
5cca17ad-2b45-4f55-80e1-7b26dd50f901,trade.fish,premium,78.54,78.54,high,medium,5,namesilo,,,08/10/2026 16:34
e38a9402-06b2-4fc0-8d3e-19be8cbb7caf,company.condos,premium,207.2,207.2,high,low,7,spaceship,,,09/10/2026 00:04
a846003f-cd85-4f01-9afb-bba28f1d15b2,trade.health,resell,,,high,medium,5,"Sav.com, LLC - 46",03/09/2026 00:00,03/09/2027 00:00,08/10/2026 16:34
6c99ee39-2731-4023-a6b9-c6ecc4e55f88,company.reisen,available,16.76,16.76,high,low,7,spaceship,,,09/10/2026 00:04
c9cdd255-df00-4acb-9d44-d0b298bccfbc,firm.moi,available,25.99,25.99,high,low,4,namesilo,,,09/10/2026 23:07
2bcf72c8-af5e-4dc0-b3d7-1682d31a6670,strategy.loans,resell,,,high,medium,8,"NameCheap, Inc.",06/02/2025 02:50,06/02/2027 02:50,10/10/2026 04:04
4ad40c38-cce3-40bf-96c8-0a07fc5a812c,organization.love,available,9.99,28.99,high,low,12,namesilo,,,09/10/2026 20:57
313d94aa-09bf-4dab-9952-cded2073258c,trade.pw,premium,6500,6500,high,medium,5,namecheap,,,08/10/2026 16:34
9086d386-a03a-43a5-9c9d-181c1488c82d,corporation.lawyer,premium,,,high,low,11,,,,27/09/2026 16:41
f4950b27-accb-4960-a365-cbb5cd0a3be3,organization.kids,premium,53.92,21.24,high,low,12,namesilo,,,09/10/2026 20:57
661652f1-9f33-4b9e-9adb-042afd9646b4,enterprise.fan,premium,102.67,102.67,high,medium,10,spaceship,,,10/10/2026 00:56
c7681b84-d12e-49eb-b67e-ae2cc899dc43,commerce.capital,resell,,,high,low,8,Dynadot Inc,28/05/2018 16:17,28/05/2027 16:17,08/10/2026 06:17
583af21c-acba-4a20-9127-5b3cb1004a42,organization.phd,premium,49.2,50.92,high,low,12,unstoppable,,,09/10/2026 20:57
37027734-ccde-4eb2-9abe-5a733720d2c1,corporation.fish,available,44.49,44.49,high,low,11,namesilo,,,27/09/2026 16:41
052f2d16-51d8-4f71-a896-44955dc70f95,company.desi,available,19.98,22.98,high,low,7,namecheap,,,01/10/2026 22:50
c400623d-b97c-4184-8a2f-afc5a45eb95b,corporation.bingo,available,42.64,42.64,high,low,11,spaceship,,,27/09/2026 16:41
2a328398-7763-4f71-8bbf-d12c105343f4,organization.directory,available,4.34,21.94,high,low,12,spaceship,,,09/10/2026 20:57
04d56ff7-01da-442f-8d38-502baffa3600,organization.show,available,14.17,35.39,high,low,12,spaceship,,,09/10/2026 20:57
b0f1c462-077d-4d33-85ff-9ed96351e235,enterprise.free,premium,103.7,103.7,high,medium,10,spaceship,,,10/10/2026 00:56
d5efa34b-2c5f-4f24-bb2c-ffdb903ac124,trade.bond,resell,,,high,medium,5,Dynadot Inc,15/11/2020 15:37,15/11/2033 23:59,08/10/2026 16:34
204232ac-d0e8-4c8b-aa03-346abdda2bfb,industry.vet,premium,242,242,high,medium,8,namesilo,,,09/10/2026 01:06
45d6c1b3-d29a-42f4-b775-1e45d2fe3952,organization.farm,available,15.99,38.99,high,low,12,namesilo,,,09/10/2026 20:57
cdc74a40-7c24-4946-bede-e5630e1e8347,company.dating,premium,242,242,high,low,7,namesilo,,,09/10/2026 00:04
e05d3217-2968-4259-afc8-70fa8580cf17,marketing.broker,resell,,,high,medium,9,Dynadot Inc,29/05/2023 17:00,29/05/2027 17:00,01/10/2026 17:41
2b536364-96af-4b50-b0d6-96e60903e294,commerce.forum,premium,116,116,high,low,8,namesilo,,,08/10/2026 06:17
31a2a0b6-e13b-4d43-99bc-f09333dde43f,company.cars,available,2140.22,2140.22,high,low,7,dynadot,,,09/10/2026 00:04
dbc1d433-a89c-40ff-8590-23871d0ea2b7,organization.rent,available,45.2,45.2,high,low,12,cloudflare,,,09/10/2026 20:57
116e0dba-2911-4eb3-9977-9d6bca9e5a4d,commerce.rehab,available,36.99,36.99,high,low,8,namesilo,,,08/10/2026 06:17
2f9b4460-a559-4f4e-8b90-841d561f8219,organization.foo,premium,30.22,30.22,high,low,12,spaceship,,,09/10/2026 20:57
1842c58f-abdd-405c-8818-ff54bba5a5cb,venture.ceo,premium,413.37,413.37,high,medium,7,spaceship,,,08/10/2026 04:39
0a9c4c5f-dbd0-4bbc-8ff0-5a894f02b94f,organization.cx,available,18.99,18.99,high,low,12,namesilo,,,09/10/2026 20:57
9e45de9b-06d0-4c25-add8-e51729e9415d,company.restaurant,available,20,58.19,high,low,7,unstoppable,,,09/10/2026 00:04
4539aacd-c7ad-4bc4-93bb-b086dba2f7c6,management.industries,premium,260,260,high,low,10,namecheap,,,19/09/2026 14:24
0748cabb-fb5a-41de-b8a3-6e6537294c51,enterprise.moe,available,13.99,13.99,high,medium,10,namesilo,,,10/10/2026 00:56
692cd939-48b9-4cbf-877f-dc1e469f9c6c,marketing.money,resell,,,high,medium,9,Dynadot Inc,23/12/2022 15:15,23/12/2026 15:15,01/10/2026 17:41
f8ccbce0-f242-404e-abcc-d339ae27d387,industry.voting,available,1398,1448,high,medium,8,namecheap,,,09/10/2026 01:06
7cbc06f6-51a5-4cb7-b92e-5e9b58966fcf,commerce.reviews,premium,207.2,207.2,high,low,8,spaceship,,,08/10/2026 06:17
e758db98-a10d-4d56-9314-dbb90e79b46d,firm.bingo,available,42.64,42.64,high,low,4,spaceship,,,09/10/2026 23:07
9378c9ca-65dd-479a-bfa7-5a1a529cab0f,market.bayern,available,34.99,34.99,high,medium,6,namesilo,,,19/09/2026 13:41
7c92cd33-9d20-40a8-959c-587800eab694,enterprise.faith,premium,110,27.5,high,medium,10,dynadot,,,10/10/2026 00:56
9f577c07-dde8-41e8-b36a-ce43b27a09e8,company.ooo,resell,,,high,low,7,"NameSilo, LLC",24/06/2025 22:12,24/06/2027 23:59,09/10/2026 00:04
3db1d283-91fc-4c24-be5c-d741b51d2c98,trade.ski,premium,102.67,102.67,high,medium,5,spaceship,,,08/10/2026 16:34
304bd126-a5f1-4f81-a8c9-2971b44edbc9,marketing.rsvp,premium,516.67,516.67,high,medium,9,spaceship,,,01/10/2026 17:41
e6de0641-69de-4c2a-a8c8-995f5168a39d,organization.webcam,available,12.98,17.98,high,low,12,namecheap,,,09/10/2026 20:57
959cadaf-83e2-49bd-9836-db25e11e4c08,company.properties,premium,207.2,207.2,high,low,7,spaceship,,,09/10/2026 00:04
72812e06-6eff-45d9-95fd-5a4c8dc19de7,firm.ltda,premium,66.3,66.3,high,low,4,namecheap,,,09/10/2026 23:07
fe45010a-6808-4c13-aa81-ce658ed6116b,market.cloud,premium,6900,6900,high,medium,6,namesilo,,,19/09/2026 13:41
9c722cd5-8c50-468e-a85f-98b538e42691,corporation.viajes,available,35.2,35.2,high,low,11,cloudflare,,,27/09/2026 16:41
bd517d16-b520-48ce-91d9-380dcdf38f26,corporation.institute,available,5.38,21.94,high,low,11,spaceship,,,27/09/2026 16:41
64a6aa46-1f22-4d52-bdcd-c11ee52802fc,trade.game,premium,1729,1729,high,medium,5,namesilo,,,08/10/2026 16:34
25bc18d7-4fda-4d32-8f0a-2991ac9acbc9,management.attorney,premium,242,242,high,low,10,namesilo,,,19/09/2026 14:24
7d86df35-def6-4176-b2cb-e94f23944727,company.shopping,premium,414.2,414.2,high,low,7,spaceship,,,09/10/2026 00:04
f79aa682-9107-4d01-9e5d-43dde7565f94,firm.catering,available,30.2,30.2,high,low,4,cloudflare,,,09/10/2026 23:07
1e1ae53d-d7cb-4273-9cdf-1abe7071504b,marketing.voting,available,978.6,978.6,high,medium,9,dynadot,,,01/10/2026 17:41
ccb4d88f-2c0f-4aa0-8237-fe63684b1431,trade.bike,resell,,,high,medium,5,"Spaceship, Inc.",30/04/2023 15:15,30/04/2027 15:15,08/10/2026 16:34
97011fa9-201a-4985-9e75-43b6a9dd2542,commerce.singles,available,3.31,27.11,high,low,8,spaceship,,,08/10/2026 06:17
ff7ed637-b117-4858-bbf0-c46126945b5d,venture.luxe,premium,83,15.73,high,medium,7,spaceship,,,08/10/2026 04:39
dad9cb9b-b882-4851-8203-260165b88c44,organization.world,resell,,,high,low,12,Squarespace Domains II LLC,21/04/2018 23:21,21/04/2027 23:21,09/10/2026 20:57
77871c1f-d4f9-4515-aab1-67677083f519,company.video,premium,600.5,621.2,high,low,7,unstoppable,,,09/10/2026 00:04
8d56bbaf-acd5-450f-a168-479abfe6256f,firm.website,premium,517.7,1035.2,high,low,4,spaceship,,,09/10/2026 23:07
ae500edf-f800-409b-acc3-38218f0b8c1c,enterprise.foo,premium,61.27,61.27,high,medium,10,spaceship,,,10/10/2026 00:56
c34f9783-90d1-4ebe-90a7-ccb86c50193e,trade.barcelona,available,38.98,38.98,high,medium,5,namecheap,,,08/10/2026 16:34
468ffa9d-642a-436a-a578-7d83c52fca73,organization.business,resell,,,high,low,12,"NameSilo, LLC",16/05/2019 17:05,16/05/2027 17:05,09/10/2026 20:57
026582b7-6edb-418f-802b-2ce37df81df3,firm.christmas,available,30.2,30.2,high,low,4,cloudflare,,,09/10/2026 23:07
56f7e30a-dac7-4fee-8491-250879c8d4e8,corporation.hockey,available,47.81,47.81,high,low,11,spaceship,,,27/09/2026 16:41
2066ea07-456e-4215-86ca-5e95c3211689,organization.healthcare,available,103.48,123.48,high,low,12,namecheap,,,09/10/2026 20:57
cee32fd8-1118-4b9a-8284-1f8a9f5a040b,firm.construction,available,30.2,30.2,high,low,4,cloudflare,,,09/10/2026 23:07
7636366a-0898-43d2-aeea-d9f0cd98f138,market.io,resell,,,high,medium,6,Dynadot Inc,02/04/2022 13:15,02/04/2027 13:15,26/09/2026 07:26
4c5e74a8-5a8c-4854-8152-ec76558b6991,team.industries,premium,128.7,128.7,high,medium,4,namecheap,,,04/10/2026 02:17
a1df4a18-3c07-4775-add2-baf35ef96874,venture.loans,available,20,116.99,high,medium,7,unstoppable,,,08/10/2026 04:39
b8e3649f-fa45-4388-b98d-4bdfbb69519b,corporation.credit,available,8.48,83,high,low,11,spaceship,,,27/09/2026 16:41
d48bcddf-8731-4404-84a9-a4f68c39404a,organization.tienda,available,5.57,49.44,high,low,12,dynadot,,,09/10/2026 20:57
9c85d48b-50ff-4540-a884-d2f642827cf4,organization.fitness,available,8.99,41.99,high,low,12,namesilo,,,09/10/2026 20:57
55602136-c038-46ba-adb4-a120bee25b1c,management.jewelry,available,64.99,64.99,high,low,10,namesilo,,,19/09/2026 14:24
329aeb4e-90a7-4d11-8b20-2ea95875b1c6,market.mba,resell,,,high,medium,6,"DNSPod, Inc.",01/01/2021 12:55,01/01/2027 12:55,26/09/2026 07:26
25bd093c-0431-4830-8d91-bf00e0c10fe2,trade.racing,premium,640,302.5,high,medium,5,namesilo,,,08/10/2026 16:34
02eacc78-1a36-4522-a2ed-9bb3d7d362cd,organization.bid,premium,3450,116,high,low,12,namesilo,,,09/10/2026 20:57
464d28d2-e258-4948-9146-a115849f1432,company.horse,premium,83,26.08,high,low,7,spaceship,,,09/10/2026 00:04
55b7f2bf-ce29-43db-84f9-f6e3cb1b4fa3,trade.holiday,available,67.98,81.98,high,medium,5,namecheap,,,08/10/2026 16:34
d237c53b-98f8-49ad-a449-f81d88c28504,corporation.ceo,available,9.99,146.98,high,low,11,namecheap,,,27/09/2026 16:41
bc49f07f-b01f-42fa-8607-bf743198b4a6,firm.business,resell,,,high,low,4,"Spaceship, Inc.",15/02/2022 18:23,15/02/2027 18:23,09/10/2026 23:07
aa5395c6-b031-4bd3-8f83-7c1de2610202,corporation.soy,premium,81.97,81.97,high,low,11,spaceship,,,27/09/2026 16:41
58527bb8-6c51-4e76-98dd-c47739381280,firm.kaufen,available,23.94,23.94,high,low,4,spaceship,,,09/10/2026 23:07
31ffa1cb-5792-4c92-85d3-00545635479a,trade.pictures,premium,23.6,23.6,high,medium,5,namesilo,,,08/10/2026 16:34
90baa0f5-2201-43c1-9f49-d897634ae49a,commerce.tattoo,available,1.75,31.25,high,low,8,spaceship,,,08/10/2026 06:17
76195fb6-07cc-4721-be3c-cbb59644a392,organization.city,available,7.25,34.99,high,low,12,namesilo,,,09/10/2026 20:57
197b5ebc-1541-42c6-a819-a175ae438542,company.trading,premium,1035.2,1035.2,high,low,7,spaceship,,,09/10/2026 00:04
c46ddff0-4cc0-44e6-bcaa-011606c57005,corporation.watch,available,5.99,44.49,high,low,11,namesilo,,,27/09/2026 16:41
164d443f-0773-4e7b-8fa8-77887e6781f6,firm.fans,premium,550,550,high,low,4,dynadot,,,09/10/2026 23:07
32ee40bc-c38f-416b-ab1e-9be9c6a37f80,industry.attorney,premium,512,512,high,medium,8,namesilo,,,09/10/2026 01:06
95b895d6-0f13-4f01-ada6-dfa1dbfcb682,firm.cloud,resell,,,high,low,4,"Name.com, Inc.",11/02/2016 01:45,11/02/2027 01:45,09/10/2026 23:07
4b237760-9412-459e-a73d-4e3dc3e05992,company.vision,premium,414.2,414.2,high,low,7,spaceship,,,09/10/2026 00:04
1379bcc5-2602-4598-93c4-f7e4ae666a2b,market.domains,resell,,,high,medium,6,Dynadot Inc,08/07/2015 18:43,08/07/2027 18:43,26/09/2026 07:26
1df00c2d-9ddb-4dd5-8119-734ade78954a,firm.college,premium,517.7,517.7,high,low,4,spaceship,,,09/10/2026 23:07
b1ee3c0c-db59-47cf-8dd9-ede9fe8c9a31,management.dealer,premium,4278,2660,high,low,10,namesilo,,,19/09/2026 14:24